taxi_id,trip_start_timestamp,trip_seconds,trip_miles,trip_total
3b308476cf4b044013d90cdc4f72ec6cf3fc85f1cabfbf449161d319372ab92ab4361b3931783e5ff83bfe506b15dd57376029f8a4252172eb4b3aab4e849c77,2017-03-26 18:45:00,265,1.34,9.0
3094cc6f6fb0f6ffa1a796cf2726e797f05edbde1863b87c5af33271659f6d728e3cee329677246856520be243244e6c1a578ec525526ebc91ae3461e51b14d5,2017-04-07 23:45:00,240,1.1,6.25
3094cc6f6fb0f6ffa1a796cf2726e797f05edbde1863b87c5af33271659f6d728e3cee329677246856520be243244e6c1a578ec525526ebc91ae3461e51b14d5,2017-04-08 00:00:00,300,1.7,8.5
3094cc6f6fb0f6ffa1a796cf2726e797f05edbde1863b87c5af33271659f6d728e3cee329677246856520be243244e6c1a578ec525526ebc91ae3461e51b14d5,2017-04-08 01:15:00,600,4.2,13.25
3094cc6f6fb0f6ffa1a796cf2726e797f05edbde1863b87c5af33271659f6d728e3cee329677246856520be243244e6c1a578ec525526ebc91ae3461e51b14d5,2017-04-08 01:45:00,0,1.2,6.0
3094cc6f6fb0f6ffa1a796cf2726e797f05edbde1863b87c5af33271659f6d728e3cee329677246856520be243244e6c1a578ec525526ebc91ae3461e51b14d5,2017-04-08 13:45:00,2280,17.5,49.5
3b308476cf4b044013d90cdc4f72ec6cf3fc85f1cabfbf449161d319372ab92ab4361b3931783e5ff83bfe506b15dd57376029f8a4252172eb4b3aab4e849c77,2017-03-26 19:00:00,620,1.85,10.0
3b308476cf4b044013d90cdc4f72ec6cf3fc85f1cabfbf449161d319372ab92ab4361b3931783e5ff83bfe506b15dd57376029f8a4252172eb4b3aab4e849c77,2017-03-27 06:15:00,10,0.0,3.25
368ce5511598af2cc07efdb68067d381174fdac1d47a2837d021e647f4c8febb3d9bf330e155845b8217b9b451c29b1b9ecf5d55d4bfe6cfd5d79ffb49b1f334,2017-03-28 08:00:00,180,0.4,4.5
3b308476cf4b044013d90cdc4f72ec6cf3fc85f1cabfbf449161d319372ab92ab4361b3931783e5ff83bfe506b15dd57376029f8a4252172eb4b3aab4e849c77,2017-03-27 09:00:00,1597,11.05,41.1
368ce5511598af2cc07efdb68067d381174fdac1d47a2837d021e647f4c8febb3d9bf330e155845b8217b9b451c29b1b9ecf5d55d4bfe6cfd5d79ffb49b1f334,2017-03-28 08:15:00,300,0.8,9.0
3b308476cf4b044013d90cdc4f72ec6cf3fc85f1cabfbf449161d319372ab92ab4361b3931783e5ff83bfe506b15dd57376029f8a4252172eb4b3aab4e849c77,2017-03-27 12:15:00,1994,13.37,41.0
368ce5511598af2cc07efdb68067d381174fdac1d47a2837d021e647f4c8febb3d9bf330e155845b8217b9b451c29b1b9ecf5d55d4bfe6cfd5d79ffb49b1f334,2017-03-28 08:30:00,660,1.9,9.25
3b308476cf4b044013d90cdc4f72ec6cf3fc85f1cabfbf449161d319372ab92ab4361b3931783e5ff83bfe506b15dd57376029f8a4252172eb4b3aab4e849c77,2017-03-27 15:30:00,1006,6.77,20.5
368ce5511598af2cc07efdb68067d381174fdac1d47a2837d021e647f4c8febb3d9bf330e155845b8217b9b451c29b1b9ecf5d55d4bfe6cfd5d79ffb49b1f334,2017-03-28 09:15:00,540,1.0,6.75
368ce5511598af2cc07efdb68067d381174fdac1d47a2837d021e647f4c8febb3d9bf330e155845b8217b9b451c29b1b9ecf5d55d4bfe6cfd5d79ffb49b1f334,2017-03-28 11:00:00,240,0.5,7.5
3b308476cf4b044013d90cdc4f72ec6cf3fc85f1cabfbf449161d319372ab92ab4361b3931783e5ff83bfe506b15dd57376029f8a4252172eb4b3aab4e849c77,2017-03-27 17:15:00,528,1.31,9.75
3b308476cf4b044013d90cdc4f72ec6cf3fc85f1cabfbf449161d319372ab92ab4361b3931783e5ff83bfe506b15dd57376029f8a4252172eb4b3aab4e849c77,2017-03-27 17:30:00,366,0.83,8.5
3b308476cf4b044013d90cdc4f72ec6cf3fc85f1cabfbf449161d319372ab92ab4361b3931783e5ff83bfe506b15dd57376029f8a4252172eb4b3aab4e849c77,2017-03-27 18:00:00,634,0.69,6.25
3b308476cf4b044013d90cdc4f72ec6cf3fc85f1cabfbf449161d319372ab92ab4361b3931783e5ff83bfe506b15dd57376029f8a4252172eb4b3aab4e849c77,2017-03-27 18:30:00,274,0.66,6.25
3b308476cf4b044013d90cdc4f72ec6cf3fc85f1cabfbf449161d319372ab92ab4361b3931783e5ff83bfe506b15dd57376029f8a4252172eb4b3aab4e849c77,2017-03-27 19:45:00,285,0.73,6.75
3b308476cf4b044013d90cdc4f72ec6cf3fc85f1cabfbf449161d319372ab92ab4361b3931783e5ff83bfe506b15dd57376029f8a4252172eb4b3aab4e849c77,2017-03-27 20:15:00,438,1.42,11.0
3b308476cf4b044013d90cdc4f72ec6cf3fc85f1cabfbf449161d319372ab92ab4361b3931783e5ff83bfe506b15dd57376029f8a4252172eb4b3aab4e849c77,2017-03-28 06:30:00,20,0.0,3.25
3b308476cf4b044013d90cdc4f72ec6cf3fc85f1cabfbf449161d319372ab92ab4361b3931783e5ff83bfe506b15dd57376029f8a4252172eb4b3aab4e849c77,2017-03-28 07:30:00,2403,10.37,41.1
3b308476cf4b044013d90cdc4f72ec6cf3fc85f1cabfbf449161d319372ab92ab4361b3931783e5ff83bfe506b15dd57376029f8a4252172eb4b3aab4e849c77,2017-03-28 10:30:00,1331,10.8,41.4
3b308476cf4b044013d90cdc4f72ec6cf3fc85f1cabfbf449161d319372ab92ab4361b3931783e5ff83bfe506b15dd57376029f8a4252172eb4b3aab4e849c77,2017-03-28 11:15:00,285,0.85,6.75
3b308476cf4b044013d90cdc4f72ec6cf3fc85f1cabfbf449161d319372ab92ab4361b3931783e5ff83bfe506b15dd57376029f8a4252172eb4b3aab4e849c77,2017-03-28 15:30:00,2002,12.68,47.7
3b308476cf4b044013d90cdc4f72ec6cf3fc85f1cabfbf449161d319372ab92ab4361b3931783e5ff83bfe506b15dd57376029f8a4252172eb4b3aab4e849c77,2017-03-28 16:15:00,377,1.46,7.5
3b308476cf4b044013d90cdc4f72ec6cf3fc85f1cabfbf449161d319372ab92ab4361b3931783e5ff83bfe506b15dd57376029f8a4252172eb4b3aab4e849c77,2017-03-28 16:45:00,895,1.36,11.75
3b308476cf4b044013d90cdc4f72ec6cf3fc85f1cabfbf449161d319372ab92ab4361b3931783e5ff83bfe506b15dd57376029f8a4252172eb4b3aab4e849c77,2017-03-28 17:30:00,590,0.94,10.5
3b308476cf4b044013d90cdc4f72ec6cf3fc85f1cabfbf449161d319372ab92ab4361b3931783e5ff83bfe506b15dd57376029f8a4252172eb4b3aab4e849c77,2017-03-28 17:45:00,600,1.61,10.25
38947b1034874e090fbed3ebcb439de6ad1ee98bbb6ad7c14207e680d5468c83fe20a48f6558f567027b7bdb4a5747bb17081e3bb6fbe8cca6a86b5018466dc7,2017-03-30 08:15:00,360,0.7,7.75
0cf1289b8acf557ac9673f1b9a4b544f295d83edb49af8429a57b45e0600bcfe523c7b2e8378b5b9a41550ee97cb33bc0b99ec7a73869f6e892e551bc4c2678e,2017-03-29 18:30:00,3720,15.5,51.75
0cf1289b8acf557ac9673f1b9a4b544f295d83edb49af8429a57b45e0600bcfe523c7b2e8378b5b9a41550ee97cb33bc0b99ec7a73869f6e892e551bc4c2678e,2017-03-30 08:30:00,1560,3.1,18.2
0cf1289b8acf557ac9673f1b9a4b544f295d83edb49af8429a57b45e0600bcfe523c7b2e8378b5b9a41550ee97cb33bc0b99ec7a73869f6e892e551bc4c2678e,2017-03-30 09:15:00,420,0.7,7.0
0cf1289b8acf557ac9673f1b9a4b544f295d83edb49af8429a57b45e0600bcfe523c7b2e8378b5b9a41550ee97cb33bc0b99ec7a73869f6e892e551bc4c2678e,2017-03-30 14:15:00,180,0.5,6.0
0cf1289b8acf557ac9673f1b9a4b544f295d83edb49af8429a57b45e0600bcfe523c7b2e8378b5b9a41550ee97cb33bc0b99ec7a73869f6e892e551bc4c2678e,2017-03-29 08:00:00,240,1.1,8.25
0cf1289b8acf557ac9673f1b9a4b544f295d83edb49af8429a57b45e0600bcfe523c7b2e8378b5b9a41550ee97cb33bc0b99ec7a73869f6e892e551bc4c2678e,2017-03-29 09:00:00,240,0.5,7.25
0cf1289b8acf557ac9673f1b9a4b544f295d83edb49af8429a57b45e0600bcfe523c7b2e8378b5b9a41550ee97cb33bc0b99ec7a73869f6e892e551bc4c2678e,2017-03-29 09:00:00,300,0.8,5.75
0cf1289b8acf557ac9673f1b9a4b544f295d83edb49af8429a57b45e0600bcfe523c7b2e8378b5b9a41550ee97cb33bc0b99ec7a73869f6e892e551bc4c2678e,2017-03-29 13:15:00,2400,18.2,54.75
0cf1289b8acf557ac9673f1b9a4b544f295d83edb49af8429a57b45e0600bcfe523c7b2e8378b5b9a41550ee97cb33bc0b99ec7a73869f6e892e551bc4c2678e,2017-03-29 15:00:00,2340,17.5,52.1
ec84a47de06d11f386d9d4addf9edcd0211c093c4ccde510910ab0385716cc9a3b279b5b2c44fbbddbf7a846893cd0096689d03bd8c8a27ab6daa38d208f8ddc,2017-04-01 23:45:00,360,1.3,8.0
ec84a47de06d11f386d9d4addf9edcd0211c093c4ccde510910ab0385716cc9a3b279b5b2c44fbbddbf7a846893cd0096689d03bd8c8a27ab6daa38d208f8ddc,2017-04-01 03:30:00,120,0.5,6.0
ec84a47de06d11f386d9d4addf9edcd0211c093c4ccde510910ab0385716cc9a3b279b5b2c44fbbddbf7a846893cd0096689d03bd8c8a27ab6daa38d208f8ddc,2017-04-01 04:45:00,0,0.0,3.25
ec84a47de06d11f386d9d4addf9edcd0211c093c4ccde510910ab0385716cc9a3b279b5b2c44fbbddbf7a846893cd0096689d03bd8c8a27ab6daa38d208f8ddc,2017-04-01 03:30:00,300,1.1,7.95
ec84a47de06d11f386d9d4addf9edcd0211c093c4ccde510910ab0385716cc9a3b279b5b2c44fbbddbf7a846893cd0096689d03bd8c8a27ab6daa38d208f8ddc,2017-04-01 03:45:00,840,1.4,12.5
6fcbe0f3aba7b8bb4f6a16942b3127f338608c0edff16e329649360a000aea041de88970a89bcb169274168adeca9f388da01a991cf790767d6db4c30eb1d7d5,2017-04-05 16:45:00,2280,6.3,25.0
6fcbe0f3aba7b8bb4f6a16942b3127f338608c0edff16e329649360a000aea041de88970a89bcb169274168adeca9f388da01a991cf790767d6db4c30eb1d7d5,2017-04-05 17:45:00,360,0.9,7.5
6fcbe0f3aba7b8bb4f6a16942b3127f338608c0edff16e329649360a000aea041de88970a89bcb169274168adeca9f388da01a991cf790767d6db4c30eb1d7d5,2017-04-05 18:30:00,720,0.4,10.5
6fcbe0f3aba7b8bb4f6a16942b3127f338608c0edff16e329649360a000aea041de88970a89bcb169274168adeca9f388da01a991cf790767d6db4c30eb1d7d5,2017-04-05 18:45:00,600,0.5,6.5
6fcbe0f3aba7b8bb4f6a16942b3127f338608c0edff16e329649360a000aea041de88970a89bcb169274168adeca9f388da01a991cf790767d6db4c30eb1d7d5,2017-04-05 19:15:00,540,0.7,8.0
6fcbe0f3aba7b8bb4f6a16942b3127f338608c0edff16e329649360a000aea041de88970a89bcb169274168adeca9f388da01a991cf790767d6db4c30eb1d7d5,2017-04-05 19:15:00,840,1.6,11.5
6fcbe0f3aba7b8bb4f6a16942b3127f338608c0edff16e329649360a000aea041de88970a89bcb169274168adeca9f388da01a991cf790767d6db4c30eb1d7d5,2017-04-05 20:15:00,480,1.0,8.25
6fcbe0f3aba7b8bb4f6a16942b3127f338608c0edff16e329649360a000aea041de88970a89bcb169274168adeca9f388da01a991cf790767d6db4c30eb1d7d5,2017-04-05 21:00:00,240,0.5,4.75
6fcbe0f3aba7b8bb4f6a16942b3127f338608c0edff16e329649360a000aea041de88970a89bcb169274168adeca9f388da01a991cf790767d6db4c30eb1d7d5,2017-04-05 21:15:00,840,4.1,17.81
6fcbe0f3aba7b8bb4f6a16942b3127f338608c0edff16e329649360a000aea041de88970a89bcb169274168adeca9f388da01a991cf790767d6db4c30eb1d7d5,2017-04-05 22:00:00,720,0.8,7.25
6fcbe0f3aba7b8bb4f6a16942b3127f338608c0edff16e329649360a000aea041de88970a89bcb169274168adeca9f388da01a991cf790767d6db4c30eb1d7d5,2017-04-06 09:00:00,3600,10.6,51.0
6fcbe0f3aba7b8bb4f6a16942b3127f338608c0edff16e329649360a000aea041de88970a89bcb169274168adeca9f388da01a991cf790767d6db4c30eb1d7d5,2017-04-06 10:00:00,360,0.7,8.0
6fcbe0f3aba7b8bb4f6a16942b3127f338608c0edff16e329649360a000aea041de88970a89bcb169274168adeca9f388da01a991cf790767d6db4c30eb1d7d5,2017-04-06 10:30:00,600,1.9,8.25
6fcbe0f3aba7b8bb4f6a16942b3127f338608c0edff16e329649360a000aea041de88970a89bcb169274168adeca9f388da01a991cf790767d6db4c30eb1d7d5,2017-04-06 11:15:00,2760,15.8,40.75
a7f8a803b02435b36ed50641e61e4431c93394ee7c5d79b7fd0a7e62e125f2117a72fdf7c36a266a542f544ac55bea15d84316af486127d05f4c494aa6f54e21,2017-03-29 15:30:00,7,0.0,10.75
a7f8a803b02435b36ed50641e61e4431c93394ee7c5d79b7fd0a7e62e125f2117a72fdf7c36a266a542f544ac55bea15d84316af486127d05f4c494aa6f54e21,2017-03-29 15:45:00,763,1.89,10.25
a7f8a803b02435b36ed50641e61e4431c93394ee7c5d79b7fd0a7e62e125f2117a72fdf7c36a266a542f544ac55bea15d84316af486127d05f4c494aa6f54e21,2017-03-29 16:15:00,612,1.8,8.25
a7f8a803b02435b36ed50641e61e4431c93394ee7c5d79b7fd0a7e62e125f2117a72fdf7c36a266a542f544ac55bea15d84316af486127d05f4c494aa6f54e21,2017-03-29 16:15:00,186,0.67,4.75
a7f8a803b02435b36ed50641e61e4431c93394ee7c5d79b7fd0a7e62e125f2117a72fdf7c36a266a542f544ac55bea15d84316af486127d05f4c494aa6f54e21,2017-03-29 16:30:00,842,1.2,14.25
a7f8a803b02435b36ed50641e61e4431c93394ee7c5d79b7fd0a7e62e125f2117a72fdf7c36a266a542f544ac55bea15d84316af486127d05f4c494aa6f54e21,2017-03-29 17:00:00,783,1.48,12.25
a7f8a803b02435b36ed50641e61e4431c93394ee7c5d79b7fd0a7e62e125f2117a72fdf7c36a266a542f544ac55bea15d84316af486127d05f4c494aa6f54e21,2017-03-29 17:30:00,328,0.54,6.25
a7f8a803b02435b36ed50641e61e4431c93394ee7c5d79b7fd0a7e62e125f2117a72fdf7c36a266a542f544ac55bea15d84316af486127d05f4c494aa6f54e21,2017-03-29 17:45:00,897,1.52,12.5
a7f8a803b02435b36ed50641e61e4431c93394ee7c5d79b7fd0a7e62e125f2117a72fdf7c36a266a542f544ac55bea15d84316af486127d05f4c494aa6f54e21,2017-03-29 18:00:00,620,2.56,9.5
a7f8a803b02435b36ed50641e61e4431c93394ee7c5d79b7fd0a7e62e125f2117a72fdf7c36a266a542f544ac55bea15d84316af486127d05f4c494aa6f54e21,2017-03-29 18:45:00,440,1.09,8.0
a7f8a803b02435b36ed50641e61e4431c93394ee7c5d79b7fd0a7e62e125f2117a72fdf7c36a266a542f544ac55bea15d84316af486127d05f4c494aa6f54e21,2017-03-29 18:45:00,1997,18.03,54.3
a7f8a803b02435b36ed50641e61e4431c93394ee7c5d79b7fd0a7e62e125f2117a72fdf7c36a266a542f544ac55bea15d84316af486127d05f4c494aa6f54e21,2017-03-29 21:00:00,1862,13.56,48.3
a7f8a803b02435b36ed50641e61e4431c93394ee7c5d79b7fd0a7e62e125f2117a72fdf7c36a266a542f544ac55bea15d84316af486127d05f4c494aa6f54e21,2017-03-29 21:45:00,539,2.23,10.0
a7f8a803b02435b36ed50641e61e4431c93394ee7c5d79b7fd0a7e62e125f2117a72fdf7c36a266a542f544ac55bea15d84316af486127d05f4c494aa6f54e21,2017-03-29 22:15:00,186,0.68,8.5
a7f8a803b02435b36ed50641e61e4431c93394ee7c5d79b7fd0a7e62e125f2117a72fdf7c36a266a542f544ac55bea15d84316af486127d05f4c494aa6f54e21,2017-03-30 10:30:00,935,2.04,11.25
a7f8a803b02435b36ed50641e61e4431c93394ee7c5d79b7fd0a7e62e125f2117a72fdf7c36a266a542f544ac55bea15d84316af486127d05f4c494aa6f54e21,2017-03-30 11:00:00,75,0.05,3.5
a7f8a803b02435b36ed50641e61e4431c93394ee7c5d79b7fd0a7e62e125f2117a72fdf7c36a266a542f544ac55bea15d84316af486127d05f4c494aa6f54e21,2017-03-30 11:30:00,2266,16.12,50.7
a7f8a803b02435b36ed50641e61e4431c93394ee7c5d79b7fd0a7e62e125f2117a72fdf7c36a266a542f544ac55bea15d84316af486127d05f4c494aa6f54e21,2017-03-30 13:15:00,823,1.93,9.5
a7f8a803b02435b36ed50641e61e4431c93394ee7c5d79b7fd0a7e62e125f2117a72fdf7c36a266a542f544ac55bea15d84316af486127d05f4c494aa6f54e21,2017-03-30 13:30:00,452,0.85,8.75
a7f8a803b02435b36ed50641e61e4431c93394ee7c5d79b7fd0a7e62e125f2117a72fdf7c36a266a542f544ac55bea15d84316af486127d05f4c494aa6f54e21,2017-03-30 13:45:00,463,1.24,9.25
a7f8a803b02435b36ed50641e61e4431c93394ee7c5d79b7fd0a7e62e125f2117a72fdf7c36a266a542f544ac55bea15d84316af486127d05f4c494aa6f54e21,2017-03-30 14:00:00,200,0.59,4.75
a7f8a803b02435b36ed50641e61e4431c93394ee7c5d79b7fd0a7e62e125f2117a72fdf7c36a266a542f544ac55bea15d84316af486127d05f4c494aa6f54e21,2017-03-30 14:00:00,65,0.18,3.5
a7f8a803b02435b36ed50641e61e4431c93394ee7c5d79b7fd0a7e62e125f2117a72fdf7c36a266a542f544ac55bea15d84316af486127d05f4c494aa6f54e21,2017-03-30 14:00:00,787,1.56,10.25
a7f8a803b02435b36ed50641e61e4431c93394ee7c5d79b7fd0a7e62e125f2117a72fdf7c36a266a542f544ac55bea15d84316af486127d05f4c494aa6f54e21,2017-03-30 14:45:00,360,0.86,6.0
a7f8a803b02435b36ed50641e61e4431c93394ee7c5d79b7fd0a7e62e125f2117a72fdf7c36a266a542f544ac55bea15d84316af486127d05f4c494aa6f54e21,2017-03-30 15:00:00,931,3.22,15.94
a7f8a803b02435b36ed50641e61e4431c93394ee7c5d79b7fd0a7e62e125f2117a72fdf7c36a266a542f544ac55bea15d84316af486127d05f4c494aa6f54e21,2017-03-30 15:45:00,240,0.53,5.0
a7f8a803b02435b36ed50641e61e4431c93394ee7c5d79b7fd0a7e62e125f2117a72fdf7c36a266a542f544ac55bea15d84316af486127d05f4c494aa6f54e21,2017-03-30 15:45:00,296,0.52,5.25
931aa6008e311c668b4473d466a86b0aa56ddedf7447da2d99e039339d2a9676741c2a5487ecc42b1d90580b1a0feab79a46ceeef6202d3eb7313fa5a6cb2192,2017-03-31 11:00:00,2040,17.5,49.75
931aa6008e311c668b4473d466a86b0aa56ddedf7447da2d99e039339d2a9676741c2a5487ecc42b1d90580b1a0feab79a46ceeef6202d3eb7313fa5a6cb2192,2017-03-31 15:45:00,2760,14.8,51.6
931aa6008e311c668b4473d466a86b0aa56ddedf7447da2d99e039339d2a9676741c2a5487ecc42b1d90580b1a0feab79a46ceeef6202d3eb7313fa5a6cb2192,2017-03-31 17:30:00,900,3.8,15.9
931aa6008e311c668b4473d466a86b0aa56ddedf7447da2d99e039339d2a9676741c2a5487ecc42b1d90580b1a0feab79a46ceeef6202d3eb7313fa5a6cb2192,2017-03-31 18:15:00,360,0.9,5.75
931aa6008e311c668b4473d466a86b0aa56ddedf7447da2d99e039339d2a9676741c2a5487ecc42b1d90580b1a0feab79a46ceeef6202d3eb7313fa5a6cb2192,2017-03-31 18:45:00,240,1.1,6.0
931aa6008e311c668b4473d466a86b0aa56ddedf7447da2d99e039339d2a9676741c2a5487ecc42b1d90580b1a0feab79a46ceeef6202d3eb7313fa5a6cb2192,2017-03-31 18:45:00,840,2.3,11.5
35a442cf7913c9ddfbcd75d97179667ee556898e8d8b55dc8ee989778501bbc217188081eb2a3c2ac4c4e321a38aec14bbd08e4b61938f6a332676c9a4638237,2017-03-31 15:00:00,2760,9.6,42.2
35a442cf7913c9ddfbcd75d97179667ee556898e8d8b55dc8ee989778501bbc217188081eb2a3c2ac4c4e321a38aec14bbd08e4b61938f6a332676c9a4638237,2017-03-31 19:15:00,2100,12.2,47.6
6fcbe0f3aba7b8bb4f6a16942b3127f338608c0edff16e329649360a000aea041de88970a89bcb169274168adeca9f388da01a991cf790767d6db4c30eb1d7d5,2017-04-07 11:00:00,1860,7.3,23.25
6fcbe0f3aba7b8bb4f6a16942b3127f338608c0edff16e329649360a000aea041de88970a89bcb169274168adeca9f388da01a991cf790767d6db4c30eb1d7d5,2017-04-07 12:00:00,1080,4.3,18.0
6fcbe0f3aba7b8bb4f6a16942b3127f338608c0edff16e329649360a000aea041de88970a89bcb169274168adeca9f388da01a991cf790767d6db4c30eb1d7d5,2017-04-07 12:15:00,1020,2.7,15.0
6fcbe0f3aba7b8bb4f6a16942b3127f338608c0edff16e329649360a000aea041de88970a89bcb169274168adeca9f388da01a991cf790767d6db4c30eb1d7d5,2017-04-07 13:30:00,600,2.9,11.5
89809c65c8627c6e567d1db60e99f55b870d01fdc191b749b4750bae30729274eaddc53bd75f7c43678a64f5e9f8e6d1772c17418278aeed5096a9c689a4cbce,2017-04-06 15:00:00,240,0.6,5.5
89809c65c8627c6e567d1db60e99f55b870d01fdc191b749b4750bae30729274eaddc53bd75f7c43678a64f5e9f8e6d1772c17418278aeed5096a9c689a4cbce,2017-04-06 15:30:00,780,3.2,14.25
89809c65c8627c6e567d1db60e99f55b870d01fdc191b749b4750bae30729274eaddc53bd75f7c43678a64f5e9f8e6d1772c17418278aeed5096a9c689a4cbce,2017-04-06 16:00:00,1920,4.3,20.0
89809c65c8627c6e567d1db60e99f55b870d01fdc191b749b4750bae30729274eaddc53bd75f7c43678a64f5e9f8e6d1772c17418278aeed5096a9c689a4cbce,2017-04-06 17:15:00,1020,3.2,15.75
89809c65c8627c6e567d1db60e99f55b870d01fdc191b749b4750bae30729274eaddc53bd75f7c43678a64f5e9f8e6d1772c17418278aeed5096a9c689a4cbce,2017-04-06 17:45:00,0,0.1,3.5
89809c65c8627c6e567d1db60e99f55b870d01fdc191b749b4750bae30729274eaddc53bd75f7c43678a64f5e9f8e6d1772c17418278aeed5096a9c689a4cbce,2017-04-06 18:30:00,1200,9.5,31.4
89809c65c8627c6e567d1db60e99f55b870d01fdc191b749b4750bae30729274eaddc53bd75f7c43678a64f5e9f8e6d1772c17418278aeed5096a9c689a4cbce,2017-04-06 20:15:00,1500,13.0,50.5
89809c65c8627c6e567d1db60e99f55b870d01fdc191b749b4750bae30729274eaddc53bd75f7c43678a64f5e9f8e6d1772c17418278aeed5096a9c689a4cbce,2017-04-06 21:00:00,900,3.6,13.0
89809c65c8627c6e567d1db60e99f55b870d01fdc191b749b4750bae30729274eaddc53bd75f7c43678a64f5e9f8e6d1772c17418278aeed5096a9c689a4cbce,2017-04-07 06:45:00,1740,17.5,52.4
89809c65c8627c6e567d1db60e99f55b870d01fdc191b749b4750bae30729274eaddc53bd75f7c43678a64f5e9f8e6d1772c17418278aeed5096a9c689a4cbce,2017-04-07 10:30:00,2400,20.0,53.75
89809c65c8627c6e567d1db60e99f55b870d01fdc191b749b4750bae30729274eaddc53bd75f7c43678a64f5e9f8e6d1772c17418278aeed5096a9c689a4cbce,2017-04-07 15:15:00,600,5.6,15.75
89809c65c8627c6e567d1db60e99f55b870d01fdc191b749b4750bae30729274eaddc53bd75f7c43678a64f5e9f8e6d1772c17418278aeed5096a9c689a4cbce,2017-04-07 17:30:00,3120,11.9,71.0
89809c65c8627c6e567d1db60e99f55b870d01fdc191b749b4750bae30729274eaddc53bd75f7c43678a64f5e9f8e6d1772c17418278aeed5096a9c689a4cbce,2017-04-07 17:30:00,0,0.0,7.75
89809c65c8627c6e567d1db60e99f55b870d01fdc191b749b4750bae30729274eaddc53bd75f7c43678a64f5e9f8e6d1772c17418278aeed5096a9c689a4cbce,2017-04-07 20:45:00,1200,10.4,39.8
89809c65c8627c6e567d1db60e99f55b870d01fdc191b749b4750bae30729274eaddc53bd75f7c43678a64f5e9f8e6d1772c17418278aeed5096a9c689a4cbce,2017-04-07 21:45:00,1560,17.4,59.25
89809c65c8627c6e567d1db60e99f55b870d01fdc191b749b4750bae30729274eaddc53bd75f7c43678a64f5e9f8e6d1772c17418278aeed5096a9c689a4cbce,2017-04-08 07:30:00,240,1.1,9.75
89809c65c8627c6e567d1db60e99f55b870d01fdc191b749b4750bae30729274eaddc53bd75f7c43678a64f5e9f8e6d1772c17418278aeed5096a9c689a4cbce,2017-04-08 08:45:00,360,1.2,8.0
89809c65c8627c6e567d1db60e99f55b870d01fdc191b749b4750bae30729274eaddc53bd75f7c43678a64f5e9f8e6d1772c17418278aeed5096a9c689a4cbce,2017-04-08 09:45:00,360,0.9,9.5
89809c65c8627c6e567d1db60e99f55b870d01fdc191b749b4750bae30729274eaddc53bd75f7c43678a64f5e9f8e6d1772c17418278aeed5096a9c689a4cbce,2017-04-08 11:00:00,1380,14.3,36.0
89809c65c8627c6e567d1db60e99f55b870d01fdc191b749b4750bae30729274eaddc53bd75f7c43678a64f5e9f8e6d1772c17418278aeed5096a9c689a4cbce,2017-04-08 15:00:00,480,3.5,16.25
89809c65c8627c6e567d1db60e99f55b870d01fdc191b749b4750bae30729274eaddc53bd75f7c43678a64f5e9f8e6d1772c17418278aeed5096a9c689a4cbce,2017-04-08 16:00:00,1560,10.4,48.0
89809c65c8627c6e567d1db60e99f55b870d01fdc191b749b4750bae30729274eaddc53bd75f7c43678a64f5e9f8e6d1772c17418278aeed5096a9c689a4cbce,2017-04-08 19:45:00,1800,16.7,47.5
89809c65c8627c6e567d1db60e99f55b870d01fdc191b749b4750bae30729274eaddc53bd75f7c43678a64f5e9f8e6d1772c17418278aeed5096a9c689a4cbce,2017-04-08 20:15:00,840,1.9,11.5
e27f2d1a318a4f3a55ca85c4bbf97274753c493d473e21972856ba66c38f01d4a2ca65882e0cce79d51f2ddc452a8b41dc0eab281a524db023a9722ebf124e37,2017-04-06 11:00:00,1860,18.39,50.0
e27f2d1a318a4f3a55ca85c4bbf97274753c493d473e21972856ba66c38f01d4a2ca65882e0cce79d51f2ddc452a8b41dc0eab281a524db023a9722ebf124e37,2017-04-06 13:15:00,3360,18.19,51.75
e27f2d1a318a4f3a55ca85c4bbf97274753c493d473e21972856ba66c38f01d4a2ca65882e0cce79d51f2ddc452a8b41dc0eab281a524db023a9722ebf124e37,2017-04-06 16:00:00,540,0.93,6.75
e27f2d1a318a4f3a55ca85c4bbf97274753c493d473e21972856ba66c38f01d4a2ca65882e0cce79d51f2ddc452a8b41dc0eab281a524db023a9722ebf124e37,2017-04-06 16:15:00,600,2.22,9.25
e27f2d1a318a4f3a55ca85c4bbf97274753c493d473e21972856ba66c38f01d4a2ca65882e0cce79d51f2ddc452a8b41dc0eab281a524db023a9722ebf124e37,2017-04-06 16:30:00,540,1.39,9.0
e27f2d1a318a4f3a55ca85c4bbf97274753c493d473e21972856ba66c38f01d4a2ca65882e0cce79d51f2ddc452a8b41dc0eab281a524db023a9722ebf124e37,2017-04-06 16:45:00,540,0.35,6.25
e27f2d1a318a4f3a55ca85c4bbf97274753c493d473e21972856ba66c38f01d4a2ca65882e0cce79d51f2ddc452a8b41dc0eab281a524db023a9722ebf124e37,2017-04-06 17:00:00,1500,0.67,11.5
e27f2d1a318a4f3a55ca85c4bbf97274753c493d473e21972856ba66c38f01d4a2ca65882e0cce79d51f2ddc452a8b41dc0eab281a524db023a9722ebf124e37,2017-04-06 17:30:00,600,0.47,7.0
e27f2d1a318a4f3a55ca85c4bbf97274753c493d473e21972856ba66c38f01d4a2ca65882e0cce79d51f2ddc452a8b41dc0eab281a524db023a9722ebf124e37,2017-04-06 17:45:00,660,1.36,8.25
e27f2d1a318a4f3a55ca85c4bbf97274753c493d473e21972856ba66c38f01d4a2ca65882e0cce79d51f2ddc452a8b41dc0eab281a524db023a9722ebf124e37,2017-04-06 18:00:00,360,1.34,6.75
e27f2d1a318a4f3a55ca85c4bbf97274753c493d473e21972856ba66c38f01d4a2ca65882e0cce79d51f2ddc452a8b41dc0eab281a524db023a9722ebf124e37,2017-04-06 18:30:00,540,0.71,6.75
e27f2d1a318a4f3a55ca85c4bbf97274753c493d473e21972856ba66c38f01d4a2ca65882e0cce79d51f2ddc452a8b41dc0eab281a524db023a9722ebf124e37,2017-04-06 19:00:00,480,1.16,6.75
e27f2d1a318a4f3a55ca85c4bbf97274753c493d473e21972856ba66c38f01d4a2ca65882e0cce79d51f2ddc452a8b41dc0eab281a524db023a9722ebf124e37,2017-04-06 19:15:00,780,1.6,9.0
e27f2d1a318a4f3a55ca85c4bbf97274753c493d473e21972856ba66c38f01d4a2ca65882e0cce79d51f2ddc452a8b41dc0eab281a524db023a9722ebf124e37,2017-04-06 19:45:00,660,1.31,9.5
e27f2d1a318a4f3a55ca85c4bbf97274753c493d473e21972856ba66c38f01d4a2ca65882e0cce79d51f2ddc452a8b41dc0eab281a524db023a9722ebf124e37,2017-04-06 20:00:00,1020,6.36,19.0
e27f2d1a318a4f3a55ca85c4bbf97274753c493d473e21972856ba66c38f01d4a2ca65882e0cce79d51f2ddc452a8b41dc0eab281a524db023a9722ebf124e37,2017-04-07 10:30:00,180,0.61,5.0
e27f2d1a318a4f3a55ca85c4bbf97274753c493d473e21972856ba66c38f01d4a2ca65882e0cce79d51f2ddc452a8b41dc0eab281a524db023a9722ebf124e37,2017-04-07 10:45:00,420,1.51,7.5
e27f2d1a318a4f3a55ca85c4bbf97274753c493d473e21972856ba66c38f01d4a2ca65882e0cce79d51f2ddc452a8b41dc0eab281a524db023a9722ebf124e37,2017-04-07 11:00:00,1380,1.49,12.0
e27f2d1a318a4f3a55ca85c4bbf97274753c493d473e21972856ba66c38f01d4a2ca65882e0cce79d51f2ddc452a8b41dc0eab281a524db023a9722ebf124e37,2017-04-07 11:15:00,1080,2.09,12.75
e27f2d1a318a4f3a55ca85c4bbf97274753c493d473e21972856ba66c38f01d4a2ca65882e0cce79d51f2ddc452a8b41dc0eab281a524db023a9722ebf124e37,2017-04-07 11:45:00,660,0.54,6.75
e27f2d1a318a4f3a55ca85c4bbf97274753c493d473e21972856ba66c38f01d4a2ca65882e0cce79d51f2ddc452a8b41dc0eab281a524db023a9722ebf124e37,2017-04-07 12:00:00,660,2.87,12.25
e27f2d1a318a4f3a55ca85c4bbf97274753c493d473e21972856ba66c38f01d4a2ca65882e0cce79d51f2ddc452a8b41dc0eab281a524db023a9722ebf124e37,2017-04-07 12:15:00,660,2.88,12.25
e27f2d1a318a4f3a55ca85c4bbf97274753c493d473e21972856ba66c38f01d4a2ca65882e0cce79d51f2ddc452a8b41dc0eab281a524db023a9722ebf124e37,2017-04-07 12:45:00,960,3.22,12.75
e27f2d1a318a4f3a55ca85c4bbf97274753c493d473e21972856ba66c38f01d4a2ca65882e0cce79d51f2ddc452a8b41dc0eab281a524db023a9722ebf124e37,2017-04-07 13:00:00,840,2.92,16.25
e27f2d1a318a4f3a55ca85c4bbf97274753c493d473e21972856ba66c38f01d4a2ca65882e0cce79d51f2ddc452a8b41dc0eab281a524db023a9722ebf124e37,2017-04-07 13:15:00,480,0.95,6.75
368ce5511598af2cc07efdb68067d381174fdac1d47a2837d021e647f4c8febb3d9bf330e155845b8217b9b451c29b1b9ecf5d55d4bfe6cfd5d79ffb49b1f334,2017-03-28 11:15:00,1320,15.6,48.0
2d72c5e6313ad93f663008a55045cad0c76164b057dcb756f23448dcfc082f616d8626020794704f296e6ad06f65837ff799930aa961729096167c5ef8612663,2017-04-06 11:45:00,600,3.0,19.06
2d72c5e6313ad93f663008a55045cad0c76164b057dcb756f23448dcfc082f616d8626020794704f296e6ad06f65837ff799930aa961729096167c5ef8612663,2017-04-06 12:30:00,1980,16.6,54.6
329d9f0b72ce0fea6c2cc7ea3347924c11d98702e5cc39eacf6252038304bb019457c905f38066a2f9aa4b8732ac30ea22d8740e177a314ef7b0327ad5766cee,2017-03-29 13:15:00,420,0.9,8.75
329d9f0b72ce0fea6c2cc7ea3347924c11d98702e5cc39eacf6252038304bb019457c905f38066a2f9aa4b8732ac30ea22d8740e177a314ef7b0327ad5766cee,2017-03-29 13:45:00,360,1.2,10.25
329d9f0b72ce0fea6c2cc7ea3347924c11d98702e5cc39eacf6252038304bb019457c905f38066a2f9aa4b8732ac30ea22d8740e177a314ef7b0327ad5766cee,2017-03-30 14:45:00,660,0.9,11.75
329d9f0b72ce0fea6c2cc7ea3347924c11d98702e5cc39eacf6252038304bb019457c905f38066a2f9aa4b8732ac30ea22d8740e177a314ef7b0327ad5766cee,2017-03-31 07:30:00,180,0.5,4.75
329d9f0b72ce0fea6c2cc7ea3347924c11d98702e5cc39eacf6252038304bb019457c905f38066a2f9aa4b8732ac30ea22d8740e177a314ef7b0327ad5766cee,2017-03-30 12:15:00,300,0.7,6.25
329d9f0b72ce0fea6c2cc7ea3347924c11d98702e5cc39eacf6252038304bb019457c905f38066a2f9aa4b8732ac30ea22d8740e177a314ef7b0327ad5766cee,2017-03-30 12:45:00,360,0.5,8.75
329d9f0b72ce0fea6c2cc7ea3347924c11d98702e5cc39eacf6252038304bb019457c905f38066a2f9aa4b8732ac30ea22d8740e177a314ef7b0327ad5766cee,2017-03-30 13:15:00,360,1.0,11.25
329d9f0b72ce0fea6c2cc7ea3347924c11d98702e5cc39eacf6252038304bb019457c905f38066a2f9aa4b8732ac30ea22d8740e177a314ef7b0327ad5766cee,2017-03-30 13:30:00,360,0.5,8.0
6fcbe0f3aba7b8bb4f6a16942b3127f338608c0edff16e329649360a000aea041de88970a89bcb169274168adeca9f388da01a991cf790767d6db4c30eb1d7d5,2017-04-03 14:15:00,1440,9.0,32.25
6fcbe0f3aba7b8bb4f6a16942b3127f338608c0edff16e329649360a000aea041de88970a89bcb169274168adeca9f388da01a991cf790767d6db4c30eb1d7d5,2017-04-03 16:00:00,3060,28.4,84.0
6fcbe0f3aba7b8bb4f6a16942b3127f338608c0edff16e329649360a000aea041de88970a89bcb169274168adeca9f388da01a991cf790767d6db4c30eb1d7d5,2017-04-03 16:45:00,60,0.0,35.75
6fcbe0f3aba7b8bb4f6a16942b3127f338608c0edff16e329649360a000aea041de88970a89bcb169274168adeca9f388da01a991cf790767d6db4c30eb1d7d5,2017-04-03 18:45:00,240,1.1,11.0
6fcbe0f3aba7b8bb4f6a16942b3127f338608c0edff16e329649360a000aea041de88970a89bcb169274168adeca9f388da01a991cf790767d6db4c30eb1d7d5,2017-04-03 19:15:00,420,1.5,12.5
6fcbe0f3aba7b8bb4f6a16942b3127f338608c0edff16e329649360a000aea041de88970a89bcb169274168adeca9f388da01a991cf790767d6db4c30eb1d7d5,2017-04-03 20:00:00,1020,5.2,20.25
6fcbe0f3aba7b8bb4f6a16942b3127f338608c0edff16e329649360a000aea041de88970a89bcb169274168adeca9f388da01a991cf790767d6db4c30eb1d7d5,2017-04-03 21:30:00,1320,11.8,34.5
6fcbe0f3aba7b8bb4f6a16942b3127f338608c0edff16e329649360a000aea041de88970a89bcb169274168adeca9f388da01a991cf790767d6db4c30eb1d7d5,2017-04-03 22:00:00,120,0.3,4.25
6fcbe0f3aba7b8bb4f6a16942b3127f338608c0edff16e329649360a000aea041de88970a89bcb169274168adeca9f388da01a991cf790767d6db4c30eb1d7d5,2017-04-04 10:30:00,1620,9.0,31.0
6fcbe0f3aba7b8bb4f6a16942b3127f338608c0edff16e329649360a000aea041de88970a89bcb169274168adeca9f388da01a991cf790767d6db4c30eb1d7d5,2017-04-04 11:00:00,180,0.4,4.25
6fcbe0f3aba7b8bb4f6a16942b3127f338608c0edff16e329649360a000aea041de88970a89bcb169274168adeca9f388da01a991cf790767d6db4c30eb1d7d5,2017-04-04 11:15:00,540,1.6,8.75
6fcbe0f3aba7b8bb4f6a16942b3127f338608c0edff16e329649360a000aea041de88970a89bcb169274168adeca9f388da01a991cf790767d6db4c30eb1d7d5,2017-04-04 13:45:00,1740,7.8,23.25
6fcbe0f3aba7b8bb4f6a16942b3127f338608c0edff16e329649360a000aea041de88970a89bcb169274168adeca9f388da01a991cf790767d6db4c30eb1d7d5,2017-04-04 16:15:00,2820,12.2,50.7
6fcbe0f3aba7b8bb4f6a16942b3127f338608c0edff16e329649360a000aea041de88970a89bcb169274168adeca9f388da01a991cf790767d6db4c30eb1d7d5,2017-04-04 17:15:00,720,1.1,10.5
6fcbe0f3aba7b8bb4f6a16942b3127f338608c0edff16e329649360a000aea041de88970a89bcb169274168adeca9f388da01a991cf790767d6db4c30eb1d7d5,2017-04-04 17:45:00,1260,3.0,18.2
6fcbe0f3aba7b8bb4f6a16942b3127f338608c0edff16e329649360a000aea041de88970a89bcb169274168adeca9f388da01a991cf790767d6db4c30eb1d7d5,2017-04-04 18:00:00,0,0.0,3.25
6fcbe0f3aba7b8bb4f6a16942b3127f338608c0edff16e329649360a000aea041de88970a89bcb169274168adeca9f388da01a991cf790767d6db4c30eb1d7d5,2017-04-04 19:00:00,300,0.6,10.0
6fcbe0f3aba7b8bb4f6a16942b3127f338608c0edff16e329649360a000aea041de88970a89bcb169274168adeca9f388da01a991cf790767d6db4c30eb1d7d5,2017-04-04 19:15:00,420,1.2,6.75
6fcbe0f3aba7b8bb4f6a16942b3127f338608c0edff16e329649360a000aea041de88970a89bcb169274168adeca9f388da01a991cf790767d6db4c30eb1d7d5,2017-04-04 19:15:00,420,1.0,6.5
89809c65c8627c6e567d1db60e99f55b870d01fdc191b749b4750bae30729274eaddc53bd75f7c43678a64f5e9f8e6d1772c17418278aeed5096a9c689a4cbce,2017-04-04 15:30:00,420,1.4,7.5
89809c65c8627c6e567d1db60e99f55b870d01fdc191b749b4750bae30729274eaddc53bd75f7c43678a64f5e9f8e6d1772c17418278aeed5096a9c689a4cbce,2017-04-04 15:45:00,780,1.6,9.5
89809c65c8627c6e567d1db60e99f55b870d01fdc191b749b4750bae30729274eaddc53bd75f7c43678a64f5e9f8e6d1772c17418278aeed5096a9c689a4cbce,2017-04-04 16:15:00,420,1.4,10.5
89809c65c8627c6e567d1db60e99f55b870d01fdc191b749b4750bae30729274eaddc53bd75f7c43678a64f5e9f8e6d1772c17418278aeed5096a9c689a4cbce,2017-04-04 17:15:00,420,0.8,9.75
89809c65c8627c6e567d1db60e99f55b870d01fdc191b749b4750bae30729274eaddc53bd75f7c43678a64f5e9f8e6d1772c17418278aeed5096a9c689a4cbce,2017-04-04 17:30:00,300,0.4,5.5
89809c65c8627c6e567d1db60e99f55b870d01fdc191b749b4750bae30729274eaddc53bd75f7c43678a64f5e9f8e6d1772c17418278aeed5096a9c689a4cbce,2017-04-04 17:45:00,600,1.3,12.75
89809c65c8627c6e567d1db60e99f55b870d01fdc191b749b4750bae30729274eaddc53bd75f7c43678a64f5e9f8e6d1772c17418278aeed5096a9c689a4cbce,2017-04-04 18:00:00,2460,16.4,54.18
89809c65c8627c6e567d1db60e99f55b870d01fdc191b749b4750bae30729274eaddc53bd75f7c43678a64f5e9f8e6d1772c17418278aeed5096a9c689a4cbce,2017-04-04 20:45:00,2340,18.7,64.4
89809c65c8627c6e567d1db60e99f55b870d01fdc191b749b4750bae30729274eaddc53bd75f7c43678a64f5e9f8e6d1772c17418278aeed5096a9c689a4cbce,2017-04-05 06:45:00,240,0.7,7.25
89809c65c8627c6e567d1db60e99f55b870d01fdc191b749b4750bae30729274eaddc53bd75f7c43678a64f5e9f8e6d1772c17418278aeed5096a9c689a4cbce,2017-04-05 07:00:00,600,2.8,13.75
89809c65c8627c6e567d1db60e99f55b870d01fdc191b749b4750bae30729274eaddc53bd75f7c43678a64f5e9f8e6d1772c17418278aeed5096a9c689a4cbce,2017-04-05 07:15:00,780,2.4,14.5
89809c65c8627c6e567d1db60e99f55b870d01fdc191b749b4750bae30729274eaddc53bd75f7c43678a64f5e9f8e6d1772c17418278aeed5096a9c689a4cbce,2017-04-05 07:30:00,420,0.7,11.75
a7f8a803b02435b36ed50641e61e4431c93394ee7c5d79b7fd0a7e62e125f2117a72fdf7c36a266a542f544ac55bea15d84316af486127d05f4c494aa6f54e21,2017-03-27 20:15:00,583,0.92,16.5
a7f8a803b02435b36ed50641e61e4431c93394ee7c5d79b7fd0a7e62e125f2117a72fdf7c36a266a542f544ac55bea15d84316af486127d05f4c494aa6f54e21,2017-03-27 20:45:00,401,1.2,9.0
a7f8a803b02435b36ed50641e61e4431c93394ee7c5d79b7fd0a7e62e125f2117a72fdf7c36a266a542f544ac55bea15d84316af486127d05f4c494aa6f54e21,2017-03-27 21:30:00,230,0.99,5.75
a7f8a803b02435b36ed50641e61e4431c93394ee7c5d79b7fd0a7e62e125f2117a72fdf7c36a266a542f544ac55bea15d84316af486127d05f4c494aa6f54e21,2017-03-27 21:30:00,797,4.81,18.3
a7f8a803b02435b36ed50641e61e4431c93394ee7c5d79b7fd0a7e62e125f2117a72fdf7c36a266a542f544ac55bea15d84316af486127d05f4c494aa6f54e21,2017-03-28 08:00:00,1072,5.09,15.75
a7f8a803b02435b36ed50641e61e4431c93394ee7c5d79b7fd0a7e62e125f2117a72fdf7c36a266a542f544ac55bea15d84316af486127d05f4c494aa6f54e21,2017-03-28 08:30:00,532,1.03,8.0
a7f8a803b02435b36ed50641e61e4431c93394ee7c5d79b7fd0a7e62e125f2117a72fdf7c36a266a542f544ac55bea15d84316af486127d05f4c494aa6f54e21,2017-03-28 09:00:00,1463,17.58,44.0
a7f8a803b02435b36ed50641e61e4431c93394ee7c5d79b7fd0a7e62e125f2117a72fdf7c36a266a542f544ac55bea15d84316af486127d05f4c494aa6f54e21,2017-03-28 11:15:00,234,0.46,7.25
a7f8a803b02435b36ed50641e61e4431c93394ee7c5d79b7fd0a7e62e125f2117a72fdf7c36a266a542f544ac55bea15d84316af486127d05f4c494aa6f54e21,2017-03-28 11:30:00,75,0.32,5.0
a7f8a803b02435b36ed50641e61e4431c93394ee7c5d79b7fd0a7e62e125f2117a72fdf7c36a266a542f544ac55bea15d84316af486127d05f4c494aa6f54e21,2017-03-28 11:30:00,1046,9.36,31.5
a7f8a803b02435b36ed50641e61e4431c93394ee7c5d79b7fd0a7e62e125f2117a72fdf7c36a266a542f544ac55bea15d84316af486127d05f4c494aa6f54e21,2017-03-28 13:15:00,231,0.85,8.0
a7f8a803b02435b36ed50641e61e4431c93394ee7c5d79b7fd0a7e62e125f2117a72fdf7c36a266a542f544ac55bea15d84316af486127d05f4c494aa6f54e21,2017-03-28 13:30:00,531,1.55,11.25
a7f8a803b02435b36ed50641e61e4431c93394ee7c5d79b7fd0a7e62e125f2117a72fdf7c36a266a542f544ac55bea15d84316af486127d05f4c494aa6f54e21,2017-03-28 15:00:00,200,0.71,5.0
2d72c5e6313ad93f663008a55045cad0c76164b057dcb756f23448dcfc082f616d8626020794704f296e6ad06f65837ff799930aa961729096167c5ef8612663,2017-04-06 15:30:00,3600,16.2,53.0
8e47be9c3ed64f89ad1ac024b9afd2d4671c477a738843b71d0b2bbf8bc824868d361367ccfbe26a8519554a23445caeeef5dfd0c89517820e78dd185bb96692,2017-04-06 21:30:00,420,2.1,11.75
8e47be9c3ed64f89ad1ac024b9afd2d4671c477a738843b71d0b2bbf8bc824868d361367ccfbe26a8519554a23445caeeef5dfd0c89517820e78dd185bb96692,2017-04-06 22:15:00,480,3.2,10.5
8e47be9c3ed64f89ad1ac024b9afd2d4671c477a738843b71d0b2bbf8bc824868d361367ccfbe26a8519554a23445caeeef5dfd0c89517820e78dd185bb96692,2017-04-06 23:00:00,180,0.6,4.75
8e47be9c3ed64f89ad1ac024b9afd2d4671c477a738843b71d0b2bbf8bc824868d361367ccfbe26a8519554a23445caeeef5dfd0c89517820e78dd185bb96692,2017-04-06 23:00:00,360,2.1,8.25
8e47be9c3ed64f89ad1ac024b9afd2d4671c477a738843b71d0b2bbf8bc824868d361367ccfbe26a8519554a23445caeeef5dfd0c89517820e78dd185bb96692,2017-04-06 23:15:00,720,5.9,18.5
8e47be9c3ed64f89ad1ac024b9afd2d4671c477a738843b71d0b2bbf8bc824868d361367ccfbe26a8519554a23445caeeef5dfd0c89517820e78dd185bb96692,2017-04-06 23:45:00,240,1.1,9.5
8e47be9c3ed64f89ad1ac024b9afd2d4671c477a738843b71d0b2bbf8bc824868d361367ccfbe26a8519554a23445caeeef5dfd0c89517820e78dd185bb96692,2017-04-07 00:00:00,240,0.7,7.5
8e47be9c3ed64f89ad1ac024b9afd2d4671c477a738843b71d0b2bbf8bc824868d361367ccfbe26a8519554a23445caeeef5dfd0c89517820e78dd185bb96692,2017-04-07 00:30:00,180,0.6,5.0
8e47be9c3ed64f89ad1ac024b9afd2d4671c477a738843b71d0b2bbf8bc824868d361367ccfbe26a8519554a23445caeeef5dfd0c89517820e78dd185bb96692,2017-04-07 00:45:00,120,0.9,5.5
8e47be9c3ed64f89ad1ac024b9afd2d4671c477a738843b71d0b2bbf8bc824868d361367ccfbe26a8519554a23445caeeef5dfd0c89517820e78dd185bb96692,2017-04-07 01:15:00,240,0.9,9.0
200712b5d1ed69a162d0cd453bb41d2d9ef515c5c6995dd9dcc19de2472e335026729e5a9db36a7d7e258b1520836bb792d3ad76b5c90c4d119833f2a8ff6afa,2017-03-30 08:15:00,693,2.72,14.0
200712b5d1ed69a162d0cd453bb41d2d9ef515c5c6995dd9dcc19de2472e335026729e5a9db36a7d7e258b1520836bb792d3ad76b5c90c4d119833f2a8ff6afa,2017-03-30 08:30:00,703,1.79,9.0
200712b5d1ed69a162d0cd453bb41d2d9ef515c5c6995dd9dcc19de2472e335026729e5a9db36a7d7e258b1520836bb792d3ad76b5c90c4d119833f2a8ff6afa,2017-03-30 08:45:00,540,1.05,10.5
200712b5d1ed69a162d0cd453bb41d2d9ef515c5c6995dd9dcc19de2472e335026729e5a9db36a7d7e258b1520836bb792d3ad76b5c90c4d119833f2a8ff6afa,2017-03-31 06:15:00,835,4.2,14.0
200712b5d1ed69a162d0cd453bb41d2d9ef515c5c6995dd9dcc19de2472e335026729e5a9db36a7d7e258b1520836bb792d3ad76b5c90c4d119833f2a8ff6afa,2017-03-31 06:30:00,468,1.37,6.75
200712b5d1ed69a162d0cd453bb41d2d9ef515c5c6995dd9dcc19de2472e335026729e5a9db36a7d7e258b1520836bb792d3ad76b5c90c4d119833f2a8ff6afa,2017-03-31 06:45:00,397,1.19,7.5
200712b5d1ed69a162d0cd453bb41d2d9ef515c5c6995dd9dcc19de2472e335026729e5a9db36a7d7e258b1520836bb792d3ad76b5c90c4d119833f2a8ff6afa,2017-03-31 07:00:00,743,2.03,9.25
200712b5d1ed69a162d0cd453bb41d2d9ef515c5c6995dd9dcc19de2472e335026729e5a9db36a7d7e258b1520836bb792d3ad76b5c90c4d119833f2a8ff6afa,2017-03-31 07:15:00,428,1.64,11.0
200712b5d1ed69a162d0cd453bb41d2d9ef515c5c6995dd9dcc19de2472e335026729e5a9db36a7d7e258b1520836bb792d3ad76b5c90c4d119833f2a8ff6afa,2017-03-31 07:30:00,418,1.1,6.5
200712b5d1ed69a162d0cd453bb41d2d9ef515c5c6995dd9dcc19de2472e335026729e5a9db36a7d7e258b1520836bb792d3ad76b5c90c4d119833f2a8ff6afa,2017-03-31 07:45:00,581,1.28,10.25
200712b5d1ed69a162d0cd453bb41d2d9ef515c5c6995dd9dcc19de2472e335026729e5a9db36a7d7e258b1520836bb792d3ad76b5c90c4d119833f2a8ff6afa,2017-03-31 08:15:00,581,1.42,10.25
200712b5d1ed69a162d0cd453bb41d2d9ef515c5c6995dd9dcc19de2472e335026729e5a9db36a7d7e258b1520836bb792d3ad76b5c90c4d119833f2a8ff6afa,2017-03-31 08:30:00,520,1.2,8.75
200712b5d1ed69a162d0cd453bb41d2d9ef515c5c6995dd9dcc19de2472e335026729e5a9db36a7d7e258b1520836bb792d3ad76b5c90c4d119833f2a8ff6afa,2017-03-31 15:30:00,1150,2.52,13.75
200712b5d1ed69a162d0cd453bb41d2d9ef515c5c6995dd9dcc19de2472e335026729e5a9db36a7d7e258b1520836bb792d3ad76b5c90c4d119833f2a8ff6afa,2017-03-31 16:15:00,1354,3.34,20.1
200712b5d1ed69a162d0cd453bb41d2d9ef515c5c6995dd9dcc19de2472e335026729e5a9db36a7d7e258b1520836bb792d3ad76b5c90c4d119833f2a8ff6afa,2017-03-31 16:45:00,295,0.96,8.25
3a0e778508af307940210b770e8840e415268a6063c5088201ab747ca6959483d19bb820eee3b6d0a2a9e1b7bd5a8cb10cc0ad6da975d783a2daa841d4021b50,2017-03-27 15:45:00,1020,3.9,19.5
3a0e778508af307940210b770e8840e415268a6063c5088201ab747ca6959483d19bb820eee3b6d0a2a9e1b7bd5a8cb10cc0ad6da975d783a2daa841d4021b50,2017-03-27 16:45:00,3060,20.8,63.8
5ba3a19b228cd79e8064974b6f0169a7df8b11795f5336dfc0cdc122326339527e1702c248b4ff53ced19171119e699d1b0299d3e546ba5af09564ada1fc2769,2017-03-26 00:30:00,660,6.4,20.25
5ba3a19b228cd79e8064974b6f0169a7df8b11795f5336dfc0cdc122326339527e1702c248b4ff53ced19171119e699d1b0299d3e546ba5af09564ada1fc2769,2017-03-26 01:00:00,240,0.8,7.25
5ba3a19b228cd79e8064974b6f0169a7df8b11795f5336dfc0cdc122326339527e1702c248b4ff53ced19171119e699d1b0299d3e546ba5af09564ada1fc2769,2017-03-26 00:30:00,240,0.3,8.0
5ba3a19b228cd79e8064974b6f0169a7df8b11795f5336dfc0cdc122326339527e1702c248b4ff53ced19171119e699d1b0299d3e546ba5af09564ada1fc2769,2017-03-26 00:15:00,420,1.2,9.25
6fd459ffaac2670ce6a096faf040b54b265ba8e619befa0f6e0b32de3ea7396d0c9632a2b9bea05ae309bcfc2c233aab67ba594425b7760d8eacd40702fc952c,2017-03-28 19:30:00,420,2.0,10.75
6fd459ffaac2670ce6a096faf040b54b265ba8e619befa0f6e0b32de3ea7396d0c9632a2b9bea05ae309bcfc2c233aab67ba594425b7760d8eacd40702fc952c,2017-03-28 19:45:00,300,1.0,6.0
6fd459ffaac2670ce6a096faf040b54b265ba8e619befa0f6e0b32de3ea7396d0c9632a2b9bea05ae309bcfc2c233aab67ba594425b7760d8eacd40702fc952c,2017-03-28 19:45:00,240,1.0,6.75
6fd459ffaac2670ce6a096faf040b54b265ba8e619befa0f6e0b32de3ea7396d0c9632a2b9bea05ae309bcfc2c233aab67ba594425b7760d8eacd40702fc952c,2017-03-28 20:00:00,240,0.8,8.0
6fd459ffaac2670ce6a096faf040b54b265ba8e619befa0f6e0b32de3ea7396d0c9632a2b9bea05ae309bcfc2c233aab67ba594425b7760d8eacd40702fc952c,2017-03-28 20:30:00,420,1.2,6.75
6fd459ffaac2670ce6a096faf040b54b265ba8e619befa0f6e0b32de3ea7396d0c9632a2b9bea05ae309bcfc2c233aab67ba594425b7760d8eacd40702fc952c,2017-03-28 21:00:00,300,0.0,9.25
6fd459ffaac2670ce6a096faf040b54b265ba8e619befa0f6e0b32de3ea7396d0c9632a2b9bea05ae309bcfc2c233aab67ba594425b7760d8eacd40702fc952c,2017-03-28 21:15:00,300,1.1,8.75
6fd459ffaac2670ce6a096faf040b54b265ba8e619befa0f6e0b32de3ea7396d0c9632a2b9bea05ae309bcfc2c233aab67ba594425b7760d8eacd40702fc952c,2017-03-28 21:15:00,660,5.3,19.7
6fd459ffaac2670ce6a096faf040b54b265ba8e619befa0f6e0b32de3ea7396d0c9632a2b9bea05ae309bcfc2c233aab67ba594425b7760d8eacd40702fc952c,2017-03-29 15:00:00,660,1.4,9.25
6fd459ffaac2670ce6a096faf040b54b265ba8e619befa0f6e0b32de3ea7396d0c9632a2b9bea05ae309bcfc2c233aab67ba594425b7760d8eacd40702fc952c,2017-03-29 15:45:00,360,1.0,6.0
9096985ee1b3f6b7a4ead18ba55817ea47246650d3400ab250d6a4699c2be5273cb0df64ae931e4afa7be896c34787af402c19e10c6dbd6e7454c75be2f34ce4,2017-03-30 21:00:00,1440,17.3,56.9
9096985ee1b3f6b7a4ead18ba55817ea47246650d3400ab250d6a4699c2be5273cb0df64ae931e4afa7be896c34787af402c19e10c6dbd6e7454c75be2f34ce4,2017-03-31 16:45:00,300,0.7,7.75
9096985ee1b3f6b7a4ead18ba55817ea47246650d3400ab250d6a4699c2be5273cb0df64ae931e4afa7be896c34787af402c19e10c6dbd6e7454c75be2f34ce4,2017-03-31 17:00:00,540,1.1,10.0
9096985ee1b3f6b7a4ead18ba55817ea47246650d3400ab250d6a4699c2be5273cb0df64ae931e4afa7be896c34787af402c19e10c6dbd6e7454c75be2f34ce4,2017-03-31 17:30:00,1140,2.2,11.75
9096985ee1b3f6b7a4ead18ba55817ea47246650d3400ab250d6a4699c2be5273cb0df64ae931e4afa7be896c34787af402c19e10c6dbd6e7454c75be2f34ce4,2017-03-31 21:00:00,1440,17.4,56.6
9096985ee1b3f6b7a4ead18ba55817ea47246650d3400ab250d6a4699c2be5273cb0df64ae931e4afa7be896c34787af402c19e10c6dbd6e7454c75be2f34ce4,2017-03-31 22:15:00,1200,4.3,20.6
9096985ee1b3f6b7a4ead18ba55817ea47246650d3400ab250d6a4699c2be5273cb0df64ae931e4afa7be896c34787af402c19e10c6dbd6e7454c75be2f34ce4,2017-03-31 23:00:00,840,1.2,10.5
a7f8a803b02435b36ed50641e61e4431c93394ee7c5d79b7fd0a7e62e125f2117a72fdf7c36a266a542f544ac55bea15d84316af486127d05f4c494aa6f54e21,2017-04-01 18:30:00,774,2.3,9.75
a7f8a803b02435b36ed50641e61e4431c93394ee7c5d79b7fd0a7e62e125f2117a72fdf7c36a266a542f544ac55bea15d84316af486127d05f4c494aa6f54e21,2017-04-01 18:45:00,596,1.51,8.75
a7f8a803b02435b36ed50641e61e4431c93394ee7c5d79b7fd0a7e62e125f2117a72fdf7c36a266a542f544ac55bea15d84316af486127d05f4c494aa6f54e21,2017-04-01 18:15:00,361,1.42,6.75
a7f8a803b02435b36ed50641e61e4431c93394ee7c5d79b7fd0a7e62e125f2117a72fdf7c36a266a542f544ac55bea15d84316af486127d05f4c494aa6f54e21,2017-04-01 19:00:00,1088,8.97,29.75
a7f8a803b02435b36ed50641e61e4431c93394ee7c5d79b7fd0a7e62e125f2117a72fdf7c36a266a542f544ac55bea15d84316af486127d05f4c494aa6f54e21,2017-04-01 15:30:00,841,2.01,13.25
a7f8a803b02435b36ed50641e61e4431c93394ee7c5d79b7fd0a7e62e125f2117a72fdf7c36a266a542f544ac55bea15d84316af486127d05f4c494aa6f54e21,2017-04-01 17:15:00,137,0.4,5.75
a7f8a803b02435b36ed50641e61e4431c93394ee7c5d79b7fd0a7e62e125f2117a72fdf7c36a266a542f544ac55bea15d84316af486127d05f4c494aa6f54e21,2017-04-01 16:00:00,1840,1.83,15.5
a7f8a803b02435b36ed50641e61e4431c93394ee7c5d79b7fd0a7e62e125f2117a72fdf7c36a266a542f544ac55bea15d84316af486127d05f4c494aa6f54e21,2017-04-01 14:45:00,885,1.89,10.75
a7f8a803b02435b36ed50641e61e4431c93394ee7c5d79b7fd0a7e62e125f2117a72fdf7c36a266a542f544ac55bea15d84316af486127d05f4c494aa6f54e21,2017-04-01 15:15:00,168,0.63,4.75
a7f8a803b02435b36ed50641e61e4431c93394ee7c5d79b7fd0a7e62e125f2117a72fdf7c36a266a542f544ac55bea15d84316af486127d05f4c494aa6f54e21,2017-04-01 12:45:00,1575,11.21,29.5
a7f8a803b02435b36ed50641e61e4431c93394ee7c5d79b7fd0a7e62e125f2117a72fdf7c36a266a542f544ac55bea15d84316af486127d05f4c494aa6f54e21,2017-03-26 10:15:00,2413,13.72,37.75
a7f8a803b02435b36ed50641e61e4431c93394ee7c5d79b7fd0a7e62e125f2117a72fdf7c36a266a542f544ac55bea15d84316af486127d05f4c494aa6f54e21,2017-03-26 11:45:00,1053,3.02,12.5
a7f8a803b02435b36ed50641e61e4431c93394ee7c5d79b7fd0a7e62e125f2117a72fdf7c36a266a542f544ac55bea15d84316af486127d05f4c494aa6f54e21,2017-03-26 12:30:00,546,0.9,7.75
a7f8a803b02435b36ed50641e61e4431c93394ee7c5d79b7fd0a7e62e125f2117a72fdf7c36a266a542f544ac55bea15d84316af486127d05f4c494aa6f54e21,2017-03-26 13:30:00,708,1.79,8.75
a7f8a803b02435b36ed50641e61e4431c93394ee7c5d79b7fd0a7e62e125f2117a72fdf7c36a266a542f544ac55bea15d84316af486127d05f4c494aa6f54e21,2017-03-26 13:45:00,878,3.17,15.6
a7f8a803b02435b36ed50641e61e4431c93394ee7c5d79b7fd0a7e62e125f2117a72fdf7c36a266a542f544ac55bea15d84316af486127d05f4c494aa6f54e21,2017-03-26 14:15:00,414,1.12,7.5
a7f8a803b02435b36ed50641e61e4431c93394ee7c5d79b7fd0a7e62e125f2117a72fdf7c36a266a542f544ac55bea15d84316af486127d05f4c494aa6f54e21,2017-03-26 15:00:00,875,4.34,16.0
a7f8a803b02435b36ed50641e61e4431c93394ee7c5d79b7fd0a7e62e125f2117a72fdf7c36a266a542f544ac55bea15d84316af486127d05f4c494aa6f54e21,2017-03-26 15:30:00,600,4.57,19.06
a7f8a803b02435b36ed50641e61e4431c93394ee7c5d79b7fd0a7e62e125f2117a72fdf7c36a266a542f544ac55bea15d84316af486127d05f4c494aa6f54e21,2017-03-26 16:30:00,893,2.32,10.25
a7f8a803b02435b36ed50641e61e4431c93394ee7c5d79b7fd0a7e62e125f2117a72fdf7c36a266a542f544ac55bea15d84316af486127d05f4c494aa6f54e21,2017-03-26 17:15:00,412,1.41,8.0
35a442cf7913c9ddfbcd75d97179667ee556898e8d8b55dc8ee989778501bbc217188081eb2a3c2ac4c4e321a38aec14bbd08e4b61938f6a332676c9a4638237,2017-03-31 09:15:00,2220,13.6,50.9
35a442cf7913c9ddfbcd75d97179667ee556898e8d8b55dc8ee989778501bbc217188081eb2a3c2ac4c4e321a38aec14bbd08e4b61938f6a332676c9a4638237,2017-03-31 10:15:00,660,2.3,11.5
35a442cf7913c9ddfbcd75d97179667ee556898e8d8b55dc8ee989778501bbc217188081eb2a3c2ac4c4e321a38aec14bbd08e4b61938f6a332676c9a4638237,2017-03-31 10:45:00,360,0.9,6.25
35a442cf7913c9ddfbcd75d97179667ee556898e8d8b55dc8ee989778501bbc217188081eb2a3c2ac4c4e321a38aec14bbd08e4b61938f6a332676c9a4638237,2017-03-31 11:30:00,60,0.0,3.25
35a442cf7913c9ddfbcd75d97179667ee556898e8d8b55dc8ee989778501bbc217188081eb2a3c2ac4c4e321a38aec14bbd08e4b61938f6a332676c9a4638237,2017-03-31 11:30:00,720,1.7,12.0
35a442cf7913c9ddfbcd75d97179667ee556898e8d8b55dc8ee989778501bbc217188081eb2a3c2ac4c4e321a38aec14bbd08e4b61938f6a332676c9a4638237,2017-03-31 11:45:00,540,1.4,12.0
f760c301740afe577d6c0e2f6de2cfecccf6ede158b8a3825331005da37a008716599169f4b467bc8b88e65318b5008499ad0ea4e05a7465c6bce4a1d5e70350,2017-03-29 13:15:00,360,1.2,7.5
f760c301740afe577d6c0e2f6de2cfecccf6ede158b8a3825331005da37a008716599169f4b467bc8b88e65318b5008499ad0ea4e05a7465c6bce4a1d5e70350,2017-03-29 10:30:00,240,0.7,5.25
f760c301740afe577d6c0e2f6de2cfecccf6ede158b8a3825331005da37a008716599169f4b467bc8b88e65318b5008499ad0ea4e05a7465c6bce4a1d5e70350,2017-03-29 08:45:00,720,1.2,10.5
f760c301740afe577d6c0e2f6de2cfecccf6ede158b8a3825331005da37a008716599169f4b467bc8b88e65318b5008499ad0ea4e05a7465c6bce4a1d5e70350,2017-03-29 06:15:00,840,5.9,17.75
f760c301740afe577d6c0e2f6de2cfecccf6ede158b8a3825331005da37a008716599169f4b467bc8b88e65318b5008499ad0ea4e05a7465c6bce4a1d5e70350,2017-03-29 05:30:00,1260,15.5,41.0
f760c301740afe577d6c0e2f6de2cfecccf6ede158b8a3825331005da37a008716599169f4b467bc8b88e65318b5008499ad0ea4e05a7465c6bce4a1d5e70350,2017-03-27 06:30:00,360,1.8,7.75
f760c301740afe577d6c0e2f6de2cfecccf6ede158b8a3825331005da37a008716599169f4b467bc8b88e65318b5008499ad0ea4e05a7465c6bce4a1d5e70350,2017-03-30 14:00:00,300,1.0,6.0
f760c301740afe577d6c0e2f6de2cfecccf6ede158b8a3825331005da37a008716599169f4b467bc8b88e65318b5008499ad0ea4e05a7465c6bce4a1d5e70350,2017-03-30 13:15:00,300,1.3,6.5
f760c301740afe577d6c0e2f6de2cfecccf6ede158b8a3825331005da37a008716599169f4b467bc8b88e65318b5008499ad0ea4e05a7465c6bce4a1d5e70350,2017-03-30 11:30:00,540,1.2,9.75
f760c301740afe577d6c0e2f6de2cfecccf6ede158b8a3825331005da37a008716599169f4b467bc8b88e65318b5008499ad0ea4e05a7465c6bce4a1d5e70350,2017-03-30 11:15:00,1020,6.1,18.5
f760c301740afe577d6c0e2f6de2cfecccf6ede158b8a3825331005da37a008716599169f4b467bc8b88e65318b5008499ad0ea4e05a7465c6bce4a1d5e70350,2017-03-30 07:30:00,300,0.7,7.75
f760c301740afe577d6c0e2f6de2cfecccf6ede158b8a3825331005da37a008716599169f4b467bc8b88e65318b5008499ad0ea4e05a7465c6bce4a1d5e70350,2017-03-28 14:45:00,540,4.5,20.25
f760c301740afe577d6c0e2f6de2cfecccf6ede158b8a3825331005da37a008716599169f4b467bc8b88e65318b5008499ad0ea4e05a7465c6bce4a1d5e70350,2017-03-28 12:30:00,420,0.8,8.5
f760c301740afe577d6c0e2f6de2cfecccf6ede158b8a3825331005da37a008716599169f4b467bc8b88e65318b5008499ad0ea4e05a7465c6bce4a1d5e70350,2017-03-28 11:45:00,120,0.5,8.0
f760c301740afe577d6c0e2f6de2cfecccf6ede158b8a3825331005da37a008716599169f4b467bc8b88e65318b5008499ad0ea4e05a7465c6bce4a1d5e70350,2017-03-28 05:45:00,1500,17.9,46.25
f760c301740afe577d6c0e2f6de2cfecccf6ede158b8a3825331005da37a008716599169f4b467bc8b88e65318b5008499ad0ea4e05a7465c6bce4a1d5e70350,2017-03-30 05:30:00,1560,15.0,40.5
f760c301740afe577d6c0e2f6de2cfecccf6ede158b8a3825331005da37a008716599169f4b467bc8b88e65318b5008499ad0ea4e05a7465c6bce4a1d5e70350,2017-03-30 07:15:00,660,2.8,10.75
f760c301740afe577d6c0e2f6de2cfecccf6ede158b8a3825331005da37a008716599169f4b467bc8b88e65318b5008499ad0ea4e05a7465c6bce4a1d5e70350,2017-03-30 07:30:00,600,1.3,7.5
f760c301740afe577d6c0e2f6de2cfecccf6ede158b8a3825331005da37a008716599169f4b467bc8b88e65318b5008499ad0ea4e05a7465c6bce4a1d5e70350,2017-03-30 07:45:00,720,1.9,9.0
2d72c5e6313ad93f663008a55045cad0c76164b057dcb756f23448dcfc082f616d8626020794704f296e6ad06f65837ff799930aa961729096167c5ef8612663,2017-04-06 16:30:00,1260,2.3,11.75
c3c7eca7dbd2a69ff3195e717334343ed19de792129c84eac1164ef891680fab305d6b67f0fa474846cefe0831b69ded292d8c6f77c1021822b647f48189da88,2017-03-28 21:45:00,1980,18.17,58.36
c3c7eca7dbd2a69ff3195e717334343ed19de792129c84eac1164ef891680fab305d6b67f0fa474846cefe0831b69ded292d8c6f77c1021822b647f48189da88,2017-03-28 22:15:00,1140,8.93,25.0
c3c7eca7dbd2a69ff3195e717334343ed19de792129c84eac1164ef891680fab305d6b67f0fa474846cefe0831b69ded292d8c6f77c1021822b647f48189da88,2017-03-29 06:30:00,1020,2.67,11.25
c3c7eca7dbd2a69ff3195e717334343ed19de792129c84eac1164ef891680fab305d6b67f0fa474846cefe0831b69ded292d8c6f77c1021822b647f48189da88,2017-03-29 07:15:00,420,0.98,6.0
c3c7eca7dbd2a69ff3195e717334343ed19de792129c84eac1164ef891680fab305d6b67f0fa474846cefe0831b69ded292d8c6f77c1021822b647f48189da88,2017-03-29 07:30:00,240,0.75,7.75
c3c7eca7dbd2a69ff3195e717334343ed19de792129c84eac1164ef891680fab305d6b67f0fa474846cefe0831b69ded292d8c6f77c1021822b647f48189da88,2017-03-29 09:15:00,0,0.0,4.75
7f83e923d71df8812353e1ea8f491ca1cc70469fe9ed276cecb902cbba6575d2bf2f7dd18ed0759b2b64fd2bc978de12662fbb46997df8f6fb4f95cdf9b9a8f7,2017-03-30 13:45:00,2280,13.6,53.31
7f83e923d71df8812353e1ea8f491ca1cc70469fe9ed276cecb902cbba6575d2bf2f7dd18ed0759b2b64fd2bc978de12662fbb46997df8f6fb4f95cdf9b9a8f7,2017-03-30 15:00:00,1620,8.0,25.0
7f83e923d71df8812353e1ea8f491ca1cc70469fe9ed276cecb902cbba6575d2bf2f7dd18ed0759b2b64fd2bc978de12662fbb46997df8f6fb4f95cdf9b9a8f7,2017-03-28 16:30:00,360,0.5,5.5
7f83e923d71df8812353e1ea8f491ca1cc70469fe9ed276cecb902cbba6575d2bf2f7dd18ed0759b2b64fd2bc978de12662fbb46997df8f6fb4f95cdf9b9a8f7,2017-03-28 18:00:00,1140,7.8,23.75
7f83e923d71df8812353e1ea8f491ca1cc70469fe9ed276cecb902cbba6575d2bf2f7dd18ed0759b2b64fd2bc978de12662fbb46997df8f6fb4f95cdf9b9a8f7,2017-03-31 07:45:00,0,0.0,3.25
7f83e923d71df8812353e1ea8f491ca1cc70469fe9ed276cecb902cbba6575d2bf2f7dd18ed0759b2b64fd2bc978de12662fbb46997df8f6fb4f95cdf9b9a8f7,2017-03-31 08:15:00,960,2.6,11.25
7f83e923d71df8812353e1ea8f491ca1cc70469fe9ed276cecb902cbba6575d2bf2f7dd18ed0759b2b64fd2bc978de12662fbb46997df8f6fb4f95cdf9b9a8f7,2017-03-31 08:30:00,900,1.8,9.75
7f83e923d71df8812353e1ea8f491ca1cc70469fe9ed276cecb902cbba6575d2bf2f7dd18ed0759b2b64fd2bc978de12662fbb46997df8f6fb4f95cdf9b9a8f7,2017-03-31 14:00:00,420,1.0,7.75
7f83e923d71df8812353e1ea8f491ca1cc70469fe9ed276cecb902cbba6575d2bf2f7dd18ed0759b2b64fd2bc978de12662fbb46997df8f6fb4f95cdf9b9a8f7,2017-03-31 14:45:00,780,3.0,11.5
7f83e923d71df8812353e1ea8f491ca1cc70469fe9ed276cecb902cbba6575d2bf2f7dd18ed0759b2b64fd2bc978de12662fbb46997df8f6fb4f95cdf9b9a8f7,2017-03-31 15:45:00,660,1.9,9.0
5ba3a19b228cd79e8064974b6f0169a7df8b11795f5336dfc0cdc122326339527e1702c248b4ff53ced19171119e699d1b0299d3e546ba5af09564ada1fc2769,2017-03-29 07:45:00,960,2.2,15.5
5ba3a19b228cd79e8064974b6f0169a7df8b11795f5336dfc0cdc122326339527e1702c248b4ff53ced19171119e699d1b0299d3e546ba5af09564ada1fc2769,2017-03-29 08:15:00,480,1.4,10.0
5ba3a19b228cd79e8064974b6f0169a7df8b11795f5336dfc0cdc122326339527e1702c248b4ff53ced19171119e699d1b0299d3e546ba5af09564ada1fc2769,2017-03-29 08:30:00,360,0.8,8.5
42560393a9c9b9ae28339f4b5aec77fd89bd49916ad54175d9ee679d69939f973c177065f2816d7990a6663a07270335a4a852190c3258497ba7978edced68c8,2017-03-29 20:15:00,360,0.69,5.5
42560393a9c9b9ae28339f4b5aec77fd89bd49916ad54175d9ee679d69939f973c177065f2816d7990a6663a07270335a4a852190c3258497ba7978edced68c8,2017-03-26 05:15:00,7560,11.47,66.25
42560393a9c9b9ae28339f4b5aec77fd89bd49916ad54175d9ee679d69939f973c177065f2816d7990a6663a07270335a4a852190c3258497ba7978edced68c8,2017-03-26 04:45:00,1740,10.53,28.75
42560393a9c9b9ae28339f4b5aec77fd89bd49916ad54175d9ee679d69939f973c177065f2816d7990a6663a07270335a4a852190c3258497ba7978edced68c8,2017-04-01 03:45:00,300,0.67,5.5
f760c301740afe577d6c0e2f6de2cfecccf6ede158b8a3825331005da37a008716599169f4b467bc8b88e65318b5008499ad0ea4e05a7465c6bce4a1d5e70350,2017-03-31 11:45:00,300,0.7,7.75
f760c301740afe577d6c0e2f6de2cfecccf6ede158b8a3825331005da37a008716599169f4b467bc8b88e65318b5008499ad0ea4e05a7465c6bce4a1d5e70350,2017-03-31 12:00:00,240,0.6,7.75
f760c301740afe577d6c0e2f6de2cfecccf6ede158b8a3825331005da37a008716599169f4b467bc8b88e65318b5008499ad0ea4e05a7465c6bce4a1d5e70350,2017-03-31 12:00:00,720,2.2,14.5
f760c301740afe577d6c0e2f6de2cfecccf6ede158b8a3825331005da37a008716599169f4b467bc8b88e65318b5008499ad0ea4e05a7465c6bce4a1d5e70350,2017-03-31 12:15:00,480,2.5,11.5
f760c301740afe577d6c0e2f6de2cfecccf6ede158b8a3825331005da37a008716599169f4b467bc8b88e65318b5008499ad0ea4e05a7465c6bce4a1d5e70350,2017-03-31 12:45:00,900,7.7,27.8
f760c301740afe577d6c0e2f6de2cfecccf6ede158b8a3825331005da37a008716599169f4b467bc8b88e65318b5008499ad0ea4e05a7465c6bce4a1d5e70350,2017-03-31 13:30:00,300,0.8,7.0
f760c301740afe577d6c0e2f6de2cfecccf6ede158b8a3825331005da37a008716599169f4b467bc8b88e65318b5008499ad0ea4e05a7465c6bce4a1d5e70350,2017-03-31 13:45:00,360,1.1,6.25
f760c301740afe577d6c0e2f6de2cfecccf6ede158b8a3825331005da37a008716599169f4b467bc8b88e65318b5008499ad0ea4e05a7465c6bce4a1d5e70350,2017-03-31 14:15:00,2820,17.6,48.25
ffc2a618ad19a63fa5e9ce8b1bd68656172b2eac505f0a29b2a5a9460b7035e208d4871b529b55ec38efbb431acb50f123c39db0a8012c1c0a4a2fc20799e3ca,2017-03-29 05:45:00,180,1.3,6.25
2d72c5e6313ad93f663008a55045cad0c76164b057dcb756f23448dcfc082f616d8626020794704f296e6ad06f65837ff799930aa961729096167c5ef8612663,2017-04-06 17:00:00,660,0.5,8.5
2d72c5e6313ad93f663008a55045cad0c76164b057dcb756f23448dcfc082f616d8626020794704f296e6ad06f65837ff799930aa961729096167c5ef8612663,2017-04-06 17:30:00,540,1.3,7.0
2d72c5e6313ad93f663008a55045cad0c76164b057dcb756f23448dcfc082f616d8626020794704f296e6ad06f65837ff799930aa961729096167c5ef8612663,2017-04-06 17:30:00,420,1.2,7.5
2d72c5e6313ad93f663008a55045cad0c76164b057dcb756f23448dcfc082f616d8626020794704f296e6ad06f65837ff799930aa961729096167c5ef8612663,2017-04-06 17:45:00,720,1.3,12.75
ba87ebcada16aad3f40ed6699a9e67512f64ef670e277728c1d89b932d5994ff78776d99e8aaaa87202ca435980ecddcdd66c5edd4ca42b0544b3141dc1ba946,2017-03-27 19:45:00,3480,16.7,52.25
ba87ebcada16aad3f40ed6699a9e67512f64ef670e277728c1d89b932d5994ff78776d99e8aaaa87202ca435980ecddcdd66c5edd4ca42b0544b3141dc1ba946,2017-03-27 21:15:00,1740,16.4,47.0
ba87ebcada16aad3f40ed6699a9e67512f64ef670e277728c1d89b932d5994ff78776d99e8aaaa87202ca435980ecddcdd66c5edd4ca42b0544b3141dc1ba946,2017-03-27 23:45:00,1500,17.6,43.5
ba87ebcada16aad3f40ed6699a9e67512f64ef670e277728c1d89b932d5994ff78776d99e8aaaa87202ca435980ecddcdd66c5edd4ca42b0544b3141dc1ba946,2017-03-28 20:00:00,0,1.9,16.75
ba87ebcada16aad3f40ed6699a9e67512f64ef670e277728c1d89b932d5994ff78776d99e8aaaa87202ca435980ecddcdd66c5edd4ca42b0544b3141dc1ba946,2017-03-28 20:30:00,1560,17.2,55.75
ba87ebcada16aad3f40ed6699a9e67512f64ef670e277728c1d89b932d5994ff78776d99e8aaaa87202ca435980ecddcdd66c5edd4ca42b0544b3141dc1ba946,2017-03-28 21:15:00,960,3.8,17.25
ba87ebcada16aad3f40ed6699a9e67512f64ef670e277728c1d89b932d5994ff78776d99e8aaaa87202ca435980ecddcdd66c5edd4ca42b0544b3141dc1ba946,2017-03-28 21:45:00,420,0.9,6.5
ba87ebcada16aad3f40ed6699a9e67512f64ef670e277728c1d89b932d5994ff78776d99e8aaaa87202ca435980ecddcdd66c5edd4ca42b0544b3141dc1ba946,2017-03-28 22:15:00,480,1.5,10.0
ba87ebcada16aad3f40ed6699a9e67512f64ef670e277728c1d89b932d5994ff78776d99e8aaaa87202ca435980ecddcdd66c5edd4ca42b0544b3141dc1ba946,2017-03-28 22:30:00,360,1.2,6.5
ba87ebcada16aad3f40ed6699a9e67512f64ef670e277728c1d89b932d5994ff78776d99e8aaaa87202ca435980ecddcdd66c5edd4ca42b0544b3141dc1ba946,2017-03-28 23:30:00,180,0.9,8.0
ba87ebcada16aad3f40ed6699a9e67512f64ef670e277728c1d89b932d5994ff78776d99e8aaaa87202ca435980ecddcdd66c5edd4ca42b0544b3141dc1ba946,2017-03-29 02:15:00,1380,16.9,41.75
ba87ebcada16aad3f40ed6699a9e67512f64ef670e277728c1d89b932d5994ff78776d99e8aaaa87202ca435980ecddcdd66c5edd4ca42b0544b3141dc1ba946,2017-03-29 18:00:00,3120,35.3,92.0
ba87ebcada16aad3f40ed6699a9e67512f64ef670e277728c1d89b932d5994ff78776d99e8aaaa87202ca435980ecddcdd66c5edd4ca42b0544b3141dc1ba946,2017-03-29 20:15:00,1440,12.5,62.25
ba87ebcada16aad3f40ed6699a9e67512f64ef670e277728c1d89b932d5994ff78776d99e8aaaa87202ca435980ecddcdd66c5edd4ca42b0544b3141dc1ba946,2017-03-29 20:45:00,720,9.6,25.5
ba87ebcada16aad3f40ed6699a9e67512f64ef670e277728c1d89b932d5994ff78776d99e8aaaa87202ca435980ecddcdd66c5edd4ca42b0544b3141dc1ba946,2017-03-29 21:00:00,60,0.0,8.25
ba87ebcada16aad3f40ed6699a9e67512f64ef670e277728c1d89b932d5994ff78776d99e8aaaa87202ca435980ecddcdd66c5edd4ca42b0544b3141dc1ba946,2017-03-29 23:15:00,480,3.4,15.75
ba87ebcada16aad3f40ed6699a9e67512f64ef670e277728c1d89b932d5994ff78776d99e8aaaa87202ca435980ecddcdd66c5edd4ca42b0544b3141dc1ba946,2017-03-30 00:30:00,2520,25.5,62.5
ba87ebcada16aad3f40ed6699a9e67512f64ef670e277728c1d89b932d5994ff78776d99e8aaaa87202ca435980ecddcdd66c5edd4ca42b0544b3141dc1ba946,2017-03-30 15:45:00,1560,8.2,28.5
ba87ebcada16aad3f40ed6699a9e67512f64ef670e277728c1d89b932d5994ff78776d99e8aaaa87202ca435980ecddcdd66c5edd4ca42b0544b3141dc1ba946,2017-03-30 17:45:00,1680,4.5,18.25
ba87ebcada16aad3f40ed6699a9e67512f64ef670e277728c1d89b932d5994ff78776d99e8aaaa87202ca435980ecddcdd66c5edd4ca42b0544b3141dc1ba946,2017-03-30 19:15:00,900,5.4,20.9
ba87ebcada16aad3f40ed6699a9e67512f64ef670e277728c1d89b932d5994ff78776d99e8aaaa87202ca435980ecddcdd66c5edd4ca42b0544b3141dc1ba946,2017-03-30 21:00:00,3600,11.5,46.25
ba87ebcada16aad3f40ed6699a9e67512f64ef670e277728c1d89b932d5994ff78776d99e8aaaa87202ca435980ecddcdd66c5edd4ca42b0544b3141dc1ba946,2017-03-30 22:00:00,2040,17.8,59.9
842e2b1cd011fab01b6cc042f40c5941798405df1b3b02c5dafe36612149b5b4590afe2cc04e87065f521768082650e39464988fb3df02a8f73a9ef88c9ca4c0,2017-03-28 20:30:00,240,0.7,10.75
842e2b1cd011fab01b6cc042f40c5941798405df1b3b02c5dafe36612149b5b4590afe2cc04e87065f521768082650e39464988fb3df02a8f73a9ef88c9ca4c0,2017-03-28 21:30:00,300,0.8,9.0
842e2b1cd011fab01b6cc042f40c5941798405df1b3b02c5dafe36612149b5b4590afe2cc04e87065f521768082650e39464988fb3df02a8f73a9ef88c9ca4c0,2017-03-28 22:00:00,960,12.2,39.56
842e2b1cd011fab01b6cc042f40c5941798405df1b3b02c5dafe36612149b5b4590afe2cc04e87065f521768082650e39464988fb3df02a8f73a9ef88c9ca4c0,2017-03-27 19:45:00,480,1.2,10.5
842e2b1cd011fab01b6cc042f40c5941798405df1b3b02c5dafe36612149b5b4590afe2cc04e87065f521768082650e39464988fb3df02a8f73a9ef88c9ca4c0,2017-03-27 20:00:00,540,1.7,9.75
842e2b1cd011fab01b6cc042f40c5941798405df1b3b02c5dafe36612149b5b4590afe2cc04e87065f521768082650e39464988fb3df02a8f73a9ef88c9ca4c0,2017-03-27 22:30:00,480,1.7,11.75
842e2b1cd011fab01b6cc042f40c5941798405df1b3b02c5dafe36612149b5b4590afe2cc04e87065f521768082650e39464988fb3df02a8f73a9ef88c9ca4c0,2017-03-27 19:15:00,540,1.1,7.0
842e2b1cd011fab01b6cc042f40c5941798405df1b3b02c5dafe36612149b5b4590afe2cc04e87065f521768082650e39464988fb3df02a8f73a9ef88c9ca4c0,2017-03-28 00:00:00,660,2.7,10.75
842e2b1cd011fab01b6cc042f40c5941798405df1b3b02c5dafe36612149b5b4590afe2cc04e87065f521768082650e39464988fb3df02a8f73a9ef88c9ca4c0,2017-03-27 18:00:00,480,0.8,6.5
842e2b1cd011fab01b6cc042f40c5941798405df1b3b02c5dafe36612149b5b4590afe2cc04e87065f521768082650e39464988fb3df02a8f73a9ef88c9ca4c0,2017-03-27 19:30:00,240,0.8,9.0
842e2b1cd011fab01b6cc042f40c5941798405df1b3b02c5dafe36612149b5b4590afe2cc04e87065f521768082650e39464988fb3df02a8f73a9ef88c9ca4c0,2017-03-27 23:15:00,120,0.3,6.75
842e2b1cd011fab01b6cc042f40c5941798405df1b3b02c5dafe36612149b5b4590afe2cc04e87065f521768082650e39464988fb3df02a8f73a9ef88c9ca4c0,2017-03-29 19:00:00,600,1.9,11.25
842e2b1cd011fab01b6cc042f40c5941798405df1b3b02c5dafe36612149b5b4590afe2cc04e87065f521768082650e39464988fb3df02a8f73a9ef88c9ca4c0,2017-03-29 20:45:00,900,3.3,15.0
842e2b1cd011fab01b6cc042f40c5941798405df1b3b02c5dafe36612149b5b4590afe2cc04e87065f521768082650e39464988fb3df02a8f73a9ef88c9ca4c0,2017-03-29 17:30:00,840,0.9,12.0
842e2b1cd011fab01b6cc042f40c5941798405df1b3b02c5dafe36612149b5b4590afe2cc04e87065f521768082650e39464988fb3df02a8f73a9ef88c9ca4c0,2017-03-29 22:45:00,300,1.1,8.5
842e2b1cd011fab01b6cc042f40c5941798405df1b3b02c5dafe36612149b5b4590afe2cc04e87065f521768082650e39464988fb3df02a8f73a9ef88c9ca4c0,2017-03-29 23:30:00,180,0.7,7.75
842e2b1cd011fab01b6cc042f40c5941798405df1b3b02c5dafe36612149b5b4590afe2cc04e87065f521768082650e39464988fb3df02a8f73a9ef88c9ca4c0,2017-03-30 17:45:00,1080,1.4,12.5
ed17822a864c82f0ac8c3110918dacfa804f66b06d9668289cb6d507d300f79adc991ce01dbfcd09b84b1aba420e74a49c5e30ba1e4d03e5966cdc1a225f7991,2017-03-31 13:45:00,360,1.0,6.0
ed17822a864c82f0ac8c3110918dacfa804f66b06d9668289cb6d507d300f79adc991ce01dbfcd09b84b1aba420e74a49c5e30ba1e4d03e5966cdc1a225f7991,2017-03-31 14:15:00,300,0.5,5.25
ed17822a864c82f0ac8c3110918dacfa804f66b06d9668289cb6d507d300f79adc991ce01dbfcd09b84b1aba420e74a49c5e30ba1e4d03e5966cdc1a225f7991,2017-03-31 15:15:00,360,0.8,5.75
ee065e5c90ac23f7fdfec374dd92bad3bdc8ebbd7c573c976228fc9e7fdb21896c9c8f3e85d82644e1291bee632999882c6826ef27958c3ec77dcb24ea03a858,2017-03-27 07:45:00,3180,18.6,62.3
ee065e5c90ac23f7fdfec374dd92bad3bdc8ebbd7c573c976228fc9e7fdb21896c9c8f3e85d82644e1291bee632999882c6826ef27958c3ec77dcb24ea03a858,2017-03-27 09:30:00,1860,11.5,31.5
ee065e5c90ac23f7fdfec374dd92bad3bdc8ebbd7c573c976228fc9e7fdb21896c9c8f3e85d82644e1291bee632999882c6826ef27958c3ec77dcb24ea03a858,2017-03-27 10:00:00,480,0.5,5.25
ee065e5c90ac23f7fdfec374dd92bad3bdc8ebbd7c573c976228fc9e7fdb21896c9c8f3e85d82644e1291bee632999882c6826ef27958c3ec77dcb24ea03a858,2017-03-27 11:45:00,300,0.7,9.75
77aff3b34413b9f32f99d9d53dcfb2d676d2641eb43054c8cc8c708aa3b459f05b621967a4ce3b3e168a835a1f6edaa4dce9c3b6ddadf4ac26517a7b8c19ccdb,2017-03-31 19:45:00,2100,18.2,60.5
77aff3b34413b9f32f99d9d53dcfb2d676d2641eb43054c8cc8c708aa3b459f05b621967a4ce3b3e168a835a1f6edaa4dce9c3b6ddadf4ac26517a7b8c19ccdb,2017-03-28 22:30:00,300,1.0,6.25
77aff3b34413b9f32f99d9d53dcfb2d676d2641eb43054c8cc8c708aa3b459f05b621967a4ce3b3e168a835a1f6edaa4dce9c3b6ddadf4ac26517a7b8c19ccdb,2017-03-28 19:15:00,1020,5.1,19.7
77aff3b34413b9f32f99d9d53dcfb2d676d2641eb43054c8cc8c708aa3b459f05b621967a4ce3b3e168a835a1f6edaa4dce9c3b6ddadf4ac26517a7b8c19ccdb,2017-03-28 20:30:00,1260,6.2,19.75
77aff3b34413b9f32f99d9d53dcfb2d676d2641eb43054c8cc8c708aa3b459f05b621967a4ce3b3e168a835a1f6edaa4dce9c3b6ddadf4ac26517a7b8c19ccdb,2017-04-01 00:00:00,420,1.4,7.5
77aff3b34413b9f32f99d9d53dcfb2d676d2641eb43054c8cc8c708aa3b459f05b621967a4ce3b3e168a835a1f6edaa4dce9c3b6ddadf4ac26517a7b8c19ccdb,2017-03-28 21:45:00,540,3.4,14.5
77aff3b34413b9f32f99d9d53dcfb2d676d2641eb43054c8cc8c708aa3b459f05b621967a4ce3b3e168a835a1f6edaa4dce9c3b6ddadf4ac26517a7b8c19ccdb,2017-03-28 22:45:00,180,0.9,7.0
77aff3b34413b9f32f99d9d53dcfb2d676d2641eb43054c8cc8c708aa3b459f05b621967a4ce3b3e168a835a1f6edaa4dce9c3b6ddadf4ac26517a7b8c19ccdb,2017-03-27 22:30:00,1440,17.4,56.3
77aff3b34413b9f32f99d9d53dcfb2d676d2641eb43054c8cc8c708aa3b459f05b621967a4ce3b3e168a835a1f6edaa4dce9c3b6ddadf4ac26517a7b8c19ccdb,2017-03-28 11:45:00,420,0.7,8.0
77aff3b34413b9f32f99d9d53dcfb2d676d2641eb43054c8cc8c708aa3b459f05b621967a4ce3b3e168a835a1f6edaa4dce9c3b6ddadf4ac26517a7b8c19ccdb,2017-03-28 19:00:00,240,0.9,5.5
77aff3b34413b9f32f99d9d53dcfb2d676d2641eb43054c8cc8c708aa3b459f05b621967a4ce3b3e168a835a1f6edaa4dce9c3b6ddadf4ac26517a7b8c19ccdb,2017-03-29 12:00:00,1560,2.5,14.0
77aff3b34413b9f32f99d9d53dcfb2d676d2641eb43054c8cc8c708aa3b459f05b621967a4ce3b3e168a835a1f6edaa4dce9c3b6ddadf4ac26517a7b8c19ccdb,2017-03-29 13:00:00,720,1.3,10.75
77aff3b34413b9f32f99d9d53dcfb2d676d2641eb43054c8cc8c708aa3b459f05b621967a4ce3b3e168a835a1f6edaa4dce9c3b6ddadf4ac26517a7b8c19ccdb,2017-03-30 13:30:00,420,0.8,6.25
77aff3b34413b9f32f99d9d53dcfb2d676d2641eb43054c8cc8c708aa3b459f05b621967a4ce3b3e168a835a1f6edaa4dce9c3b6ddadf4ac26517a7b8c19ccdb,2017-03-31 20:30:00,1200,4.4,19.1
77aff3b34413b9f32f99d9d53dcfb2d676d2641eb43054c8cc8c708aa3b459f05b621967a4ce3b3e168a835a1f6edaa4dce9c3b6ddadf4ac26517a7b8c19ccdb,2017-03-27 18:15:00,1620,21.7,98.6
77aff3b34413b9f32f99d9d53dcfb2d676d2641eb43054c8cc8c708aa3b459f05b621967a4ce3b3e168a835a1f6edaa4dce9c3b6ddadf4ac26517a7b8c19ccdb,2017-03-27 00:15:00,1920,23.9,71.75
42560393a9c9b9ae28339f4b5aec77fd89bd49916ad54175d9ee679d69939f973c177065f2816d7990a6663a07270335a4a852190c3258497ba7978edced68c8,2017-04-01 00:45:00,0,0.0,3.25
42560393a9c9b9ae28339f4b5aec77fd89bd49916ad54175d9ee679d69939f973c177065f2816d7990a6663a07270335a4a852190c3258497ba7978edced68c8,2017-04-01 00:45:00,0,0.0,3.25
42560393a9c9b9ae28339f4b5aec77fd89bd49916ad54175d9ee679d69939f973c177065f2816d7990a6663a07270335a4a852190c3258497ba7978edced68c8,2017-04-01 01:00:00,1380,22.36,53.5
42560393a9c9b9ae28339f4b5aec77fd89bd49916ad54175d9ee679d69939f973c177065f2816d7990a6663a07270335a4a852190c3258497ba7978edced68c8,2017-04-01 00:00:00,540,5.96,17.0
42560393a9c9b9ae28339f4b5aec77fd89bd49916ad54175d9ee679d69939f973c177065f2816d7990a6663a07270335a4a852190c3258497ba7978edced68c8,2017-04-01 00:15:00,420,3.23,11.0
42560393a9c9b9ae28339f4b5aec77fd89bd49916ad54175d9ee679d69939f973c177065f2816d7990a6663a07270335a4a852190c3258497ba7978edced68c8,2017-04-01 00:30:00,120,0.0,3.75
42560393a9c9b9ae28339f4b5aec77fd89bd49916ad54175d9ee679d69939f973c177065f2816d7990a6663a07270335a4a852190c3258497ba7978edced68c8,2017-04-01 00:45:00,83880,0.0,0.0
91212dc93eb37970cde5aaa86add90ae008469d7c4c4670c1d053735f9e49f066da8f615611216833a379d79ef297fb855822f32e7cca6516be24697551c75b9,2017-03-30 11:30:00,360,0.9,7.5
91212dc93eb37970cde5aaa86add90ae008469d7c4c4670c1d053735f9e49f066da8f615611216833a379d79ef297fb855822f32e7cca6516be24697551c75b9,2017-03-30 11:45:00,300,0.8,8.25
91212dc93eb37970cde5aaa86add90ae008469d7c4c4670c1d053735f9e49f066da8f615611216833a379d79ef297fb855822f32e7cca6516be24697551c75b9,2017-03-30 12:15:00,480,1.6,9.0
91212dc93eb37970cde5aaa86add90ae008469d7c4c4670c1d053735f9e49f066da8f615611216833a379d79ef297fb855822f32e7cca6516be24697551c75b9,2017-03-30 12:45:00,240,0.7,7.25
91212dc93eb37970cde5aaa86add90ae008469d7c4c4670c1d053735f9e49f066da8f615611216833a379d79ef297fb855822f32e7cca6516be24697551c75b9,2017-03-30 13:15:00,600,1.3,10.0
91212dc93eb37970cde5aaa86add90ae008469d7c4c4670c1d053735f9e49f066da8f615611216833a379d79ef297fb855822f32e7cca6516be24697551c75b9,2017-03-30 13:30:00,1680,4.8,23.0
91212dc93eb37970cde5aaa86add90ae008469d7c4c4670c1d053735f9e49f066da8f615611216833a379d79ef297fb855822f32e7cca6516be24697551c75b9,2017-03-30 14:00:00,1080,3.3,12.75
91212dc93eb37970cde5aaa86add90ae008469d7c4c4670c1d053735f9e49f066da8f615611216833a379d79ef297fb855822f32e7cca6516be24697551c75b9,2017-03-30 14:30:00,2580,16.8,48.0
91212dc93eb37970cde5aaa86add90ae008469d7c4c4670c1d053735f9e49f066da8f615611216833a379d79ef297fb855822f32e7cca6516be24697551c75b9,2017-03-30 15:30:00,1140,5.4,21.0
91212dc93eb37970cde5aaa86add90ae008469d7c4c4670c1d053735f9e49f066da8f615611216833a379d79ef297fb855822f32e7cca6516be24697551c75b9,2017-03-30 16:30:00,3300,17.7,50.75
91212dc93eb37970cde5aaa86add90ae008469d7c4c4670c1d053735f9e49f066da8f615611216833a379d79ef297fb855822f32e7cca6516be24697551c75b9,2017-03-30 17:45:00,1260,2.5,19.1
6c7371eb968c9f935283892afa470cdd021be65b50266fd68afc59112a670452fe6ec1806133769929e52504e14df0f8a21fe1c8c6ae65c40e23d34ca67a069c,2017-03-29 17:45:00,1320,2.7,15.25
6c7371eb968c9f935283892afa470cdd021be65b50266fd68afc59112a670452fe6ec1806133769929e52504e14df0f8a21fe1c8c6ae65c40e23d34ca67a069c,2017-03-29 20:30:00,2280,16.8,55.7
6c7371eb968c9f935283892afa470cdd021be65b50266fd68afc59112a670452fe6ec1806133769929e52504e14df0f8a21fe1c8c6ae65c40e23d34ca67a069c,2017-03-29 23:15:00,660,8.0,28.25
6c7371eb968c9f935283892afa470cdd021be65b50266fd68afc59112a670452fe6ec1806133769929e52504e14df0f8a21fe1c8c6ae65c40e23d34ca67a069c,2017-03-29 23:45:00,960,8.1,34.1
6c7371eb968c9f935283892afa470cdd021be65b50266fd68afc59112a670452fe6ec1806133769929e52504e14df0f8a21fe1c8c6ae65c40e23d34ca67a069c,2017-03-30 02:00:00,1320,16.7,45.75
6c7371eb968c9f935283892afa470cdd021be65b50266fd68afc59112a670452fe6ec1806133769929e52504e14df0f8a21fe1c8c6ae65c40e23d34ca67a069c,2017-03-30 21:30:00,1560,17.4,56.9
6c7371eb968c9f935283892afa470cdd021be65b50266fd68afc59112a670452fe6ec1806133769929e52504e14df0f8a21fe1c8c6ae65c40e23d34ca67a069c,2017-03-30 23:00:00,1500,18.3,58.7
6c7371eb968c9f935283892afa470cdd021be65b50266fd68afc59112a670452fe6ec1806133769929e52504e14df0f8a21fe1c8c6ae65c40e23d34ca67a069c,2017-03-30 23:30:00,420,1.0,9.75
6c7371eb968c9f935283892afa470cdd021be65b50266fd68afc59112a670452fe6ec1806133769929e52504e14df0f8a21fe1c8c6ae65c40e23d34ca67a069c,2017-03-30 23:45:00,600,2.7,12.75
6c7371eb968c9f935283892afa470cdd021be65b50266fd68afc59112a670452fe6ec1806133769929e52504e14df0f8a21fe1c8c6ae65c40e23d34ca67a069c,2017-03-31 12:45:00,840,3.9,24.75
6c7371eb968c9f935283892afa470cdd021be65b50266fd68afc59112a670452fe6ec1806133769929e52504e14df0f8a21fe1c8c6ae65c40e23d34ca67a069c,2017-03-31 16:30:00,840,7.2,30.0
6c7371eb968c9f935283892afa470cdd021be65b50266fd68afc59112a670452fe6ec1806133769929e52504e14df0f8a21fe1c8c6ae65c40e23d34ca67a069c,2017-03-31 17:30:00,3240,15.5,57.68
6c7371eb968c9f935283892afa470cdd021be65b50266fd68afc59112a670452fe6ec1806133769929e52504e14df0f8a21fe1c8c6ae65c40e23d34ca67a069c,2017-03-31 21:30:00,1620,10.6,40.7
6c7371eb968c9f935283892afa470cdd021be65b50266fd68afc59112a670452fe6ec1806133769929e52504e14df0f8a21fe1c8c6ae65c40e23d34ca67a069c,2017-03-31 22:30:00,0,0.0,10.75
6c7371eb968c9f935283892afa470cdd021be65b50266fd68afc59112a670452fe6ec1806133769929e52504e14df0f8a21fe1c8c6ae65c40e23d34ca67a069c,2017-04-01 16:15:00,600,3.0,10.75
e721bbad6011a0096c3d8b0b6ad61b4762e4ac3707938464452fc77cb22e28569b21054a82c6f080b4144a42b643bc644d5bd9fa25cbb61e1077371a0d2522b1,2017-03-27 12:30:00,180,0.5,5.75
e721bbad6011a0096c3d8b0b6ad61b4762e4ac3707938464452fc77cb22e28569b21054a82c6f080b4144a42b643bc644d5bd9fa25cbb61e1077371a0d2522b1,2017-03-27 04:45:00,300,1.8,7.75
e721bbad6011a0096c3d8b0b6ad61b4762e4ac3707938464452fc77cb22e28569b21054a82c6f080b4144a42b643bc644d5bd9fa25cbb61e1077371a0d2522b1,2017-03-26 16:30:00,600,3.9,16.5
e721bbad6011a0096c3d8b0b6ad61b4762e4ac3707938464452fc77cb22e28569b21054a82c6f080b4144a42b643bc644d5bd9fa25cbb61e1077371a0d2522b1,2017-03-26 17:00:00,840,1.4,12.0
e721bbad6011a0096c3d8b0b6ad61b4762e4ac3707938464452fc77cb22e28569b21054a82c6f080b4144a42b643bc644d5bd9fa25cbb61e1077371a0d2522b1,2017-03-26 07:45:00,180,0.5,5.75
e721bbad6011a0096c3d8b0b6ad61b4762e4ac3707938464452fc77cb22e28569b21054a82c6f080b4144a42b643bc644d5bd9fa25cbb61e1077371a0d2522b1,2017-03-26 08:15:00,660,2.4,12.5
e721bbad6011a0096c3d8b0b6ad61b4762e4ac3707938464452fc77cb22e28569b21054a82c6f080b4144a42b643bc644d5bd9fa25cbb61e1077371a0d2522b1,2017-03-26 08:30:00,180,0.7,5.0
e721bbad6011a0096c3d8b0b6ad61b4762e4ac3707938464452fc77cb22e28569b21054a82c6f080b4144a42b643bc644d5bd9fa25cbb61e1077371a0d2522b1,2017-03-26 09:15:00,660,2.0,10.5
e721bbad6011a0096c3d8b0b6ad61b4762e4ac3707938464452fc77cb22e28569b21054a82c6f080b4144a42b643bc644d5bd9fa25cbb61e1077371a0d2522b1,2017-03-26 10:30:00,480,1.4,11.25
e721bbad6011a0096c3d8b0b6ad61b4762e4ac3707938464452fc77cb22e28569b21054a82c6f080b4144a42b643bc644d5bd9fa25cbb61e1077371a0d2522b1,2017-03-26 14:00:00,660,6.5,24.5
e721bbad6011a0096c3d8b0b6ad61b4762e4ac3707938464452fc77cb22e28569b21054a82c6f080b4144a42b643bc644d5bd9fa25cbb61e1077371a0d2522b1,2017-03-31 12:15:00,360,0.9,6.5
99d28f53719cc2e93e6cc242144fba05452a93a418af0bf03785988f9c56ecde43868b2bb72e18daaa71f09bf69895f5392a2fd185d734802dd11cf70bf04120,2017-03-30 15:30:00,120,0.4,4.5
99d28f53719cc2e93e6cc242144fba05452a93a418af0bf03785988f9c56ecde43868b2bb72e18daaa71f09bf69895f5392a2fd185d734802dd11cf70bf04120,2017-03-30 15:45:00,720,2.7,13.0
99d28f53719cc2e93e6cc242144fba05452a93a418af0bf03785988f9c56ecde43868b2bb72e18daaa71f09bf69895f5392a2fd185d734802dd11cf70bf04120,2017-03-30 16:15:00,300,1.1,6.0
99d28f53719cc2e93e6cc242144fba05452a93a418af0bf03785988f9c56ecde43868b2bb72e18daaa71f09bf69895f5392a2fd185d734802dd11cf70bf04120,2017-03-28 16:00:00,660,4.6,17.7
99d28f53719cc2e93e6cc242144fba05452a93a418af0bf03785988f9c56ecde43868b2bb72e18daaa71f09bf69895f5392a2fd185d734802dd11cf70bf04120,2017-03-28 16:30:00,420,3.2,14.25
99d28f53719cc2e93e6cc242144fba05452a93a418af0bf03785988f9c56ecde43868b2bb72e18daaa71f09bf69895f5392a2fd185d734802dd11cf70bf04120,2017-03-28 17:00:00,420,1.3,7.0
99d28f53719cc2e93e6cc242144fba05452a93a418af0bf03785988f9c56ecde43868b2bb72e18daaa71f09bf69895f5392a2fd185d734802dd11cf70bf04120,2017-03-28 17:15:00,1860,8.1,27.0
99d28f53719cc2e93e6cc242144fba05452a93a418af0bf03785988f9c56ecde43868b2bb72e18daaa71f09bf69895f5392a2fd185d734802dd11cf70bf04120,2017-03-28 18:45:00,240,0.7,5.0
99d28f53719cc2e93e6cc242144fba05452a93a418af0bf03785988f9c56ecde43868b2bb72e18daaa71f09bf69895f5392a2fd185d734802dd11cf70bf04120,2017-03-28 19:00:00,300,0.9,5.75
42560393a9c9b9ae28339f4b5aec77fd89bd49916ad54175d9ee679d69939f973c177065f2816d7990a6663a07270335a4a852190c3258497ba7978edced68c8,2017-04-01 22:15:00,0,0.0,3.25
42560393a9c9b9ae28339f4b5aec77fd89bd49916ad54175d9ee679d69939f973c177065f2816d7990a6663a07270335a4a852190c3258497ba7978edced68c8,2017-04-01 22:30:00,0,0.0,3.25
42560393a9c9b9ae28339f4b5aec77fd89bd49916ad54175d9ee679d69939f973c177065f2816d7990a6663a07270335a4a852190c3258497ba7978edced68c8,2017-04-01 23:45:00,180,0.28,4.5
42560393a9c9b9ae28339f4b5aec77fd89bd49916ad54175d9ee679d69939f973c177065f2816d7990a6663a07270335a4a852190c3258497ba7978edced68c8,2017-04-01 23:45:00,2100,33.19,82.5
2d72c5e6313ad93f663008a55045cad0c76164b057dcb756f23448dcfc082f616d8626020794704f296e6ad06f65837ff799930aa961729096167c5ef8612663,2017-04-06 18:15:00,1260,2.2,12.75
bd2bb222f12bbd1e738432cafdf7d8c345799df3118510528e37b0374b345cc4b3d418d33380e62572353ea34e7d6030b4fede789434364e2edd8d5e6a217575,2017-04-04 20:00:00,540,1.6,10.25
ce28f4015e6382801a405172085edd713a9fffeb321e91a54e6e6e2650dc3f28fd89aa5aa2afac4ef4f21127f4b5235cbe6b0d8c5ff3ab732f0c654006d7cd8e,2017-04-08 11:30:00,1140,3.87,15.0
ce28f4015e6382801a405172085edd713a9fffeb321e91a54e6e6e2650dc3f28fd89aa5aa2afac4ef4f21127f4b5235cbe6b0d8c5ff3ab732f0c654006d7cd8e,2017-04-08 15:15:00,300,1.27,7.25
ce28f4015e6382801a405172085edd713a9fffeb321e91a54e6e6e2650dc3f28fd89aa5aa2afac4ef4f21127f4b5235cbe6b0d8c5ff3ab732f0c654006d7cd8e,2017-04-08 16:00:00,240,0.47,9.25
ce28f4015e6382801a405172085edd713a9fffeb321e91a54e6e6e2650dc3f28fd89aa5aa2afac4ef4f21127f4b5235cbe6b0d8c5ff3ab732f0c654006d7cd8e,2017-04-08 16:30:00,420,1.04,9.25
ce28f4015e6382801a405172085edd713a9fffeb321e91a54e6e6e2650dc3f28fd89aa5aa2afac4ef4f21127f4b5235cbe6b0d8c5ff3ab732f0c654006d7cd8e,2017-04-08 17:00:00,720,1.48,9.0
ce28f4015e6382801a405172085edd713a9fffeb321e91a54e6e6e2650dc3f28fd89aa5aa2afac4ef4f21127f4b5235cbe6b0d8c5ff3ab732f0c654006d7cd8e,2017-04-08 18:00:00,780,0.88,11.5
ce28f4015e6382801a405172085edd713a9fffeb321e91a54e6e6e2650dc3f28fd89aa5aa2afac4ef4f21127f4b5235cbe6b0d8c5ff3ab732f0c654006d7cd8e,2017-04-08 18:15:00,780,2.86,12.5
ce28f4015e6382801a405172085edd713a9fffeb321e91a54e6e6e2650dc3f28fd89aa5aa2afac4ef4f21127f4b5235cbe6b0d8c5ff3ab732f0c654006d7cd8e,2017-04-08 21:00:00,660,4.65,17.7
ce28f4015e6382801a405172085edd713a9fffeb321e91a54e6e6e2650dc3f28fd89aa5aa2afac4ef4f21127f4b5235cbe6b0d8c5ff3ab732f0c654006d7cd8e,2017-04-08 21:45:00,480,0.47,8.0
ce28f4015e6382801a405172085edd713a9fffeb321e91a54e6e6e2650dc3f28fd89aa5aa2afac4ef4f21127f4b5235cbe6b0d8c5ff3ab732f0c654006d7cd8e,2017-04-08 22:45:00,480,1.67,11.0
7f83e923d71df8812353e1ea8f491ca1cc70469fe9ed276cecb902cbba6575d2bf2f7dd18ed0759b2b64fd2bc978de12662fbb46997df8f6fb4f95cdf9b9a8f7,2017-03-31 16:15:00,420,0.9,8.5
7f83e923d71df8812353e1ea8f491ca1cc70469fe9ed276cecb902cbba6575d2bf2f7dd18ed0759b2b64fd2bc978de12662fbb46997df8f6fb4f95cdf9b9a8f7,2017-03-31 16:30:00,1980,8.4,27.75
7f83e923d71df8812353e1ea8f491ca1cc70469fe9ed276cecb902cbba6575d2bf2f7dd18ed0759b2b64fd2bc978de12662fbb46997df8f6fb4f95cdf9b9a8f7,2017-03-30 12:15:00,540,1.1,10.5
7f83e923d71df8812353e1ea8f491ca1cc70469fe9ed276cecb902cbba6575d2bf2f7dd18ed0759b2b64fd2bc978de12662fbb46997df8f6fb4f95cdf9b9a8f7,2017-03-31 09:00:00,420,0.9,6.25
7f83e923d71df8812353e1ea8f491ca1cc70469fe9ed276cecb902cbba6575d2bf2f7dd18ed0759b2b64fd2bc978de12662fbb46997df8f6fb4f95cdf9b9a8f7,2017-03-31 09:15:00,360,0.7,8.0
7f83e923d71df8812353e1ea8f491ca1cc70469fe9ed276cecb902cbba6575d2bf2f7dd18ed0759b2b64fd2bc978de12662fbb46997df8f6fb4f95cdf9b9a8f7,2017-03-31 14:15:00,480,1.4,10.75
7f83e923d71df8812353e1ea8f491ca1cc70469fe9ed276cecb902cbba6575d2bf2f7dd18ed0759b2b64fd2bc978de12662fbb46997df8f6fb4f95cdf9b9a8f7,2017-03-26 09:45:00,540,2.1,8.75
7f83e923d71df8812353e1ea8f491ca1cc70469fe9ed276cecb902cbba6575d2bf2f7dd18ed0759b2b64fd2bc978de12662fbb46997df8f6fb4f95cdf9b9a8f7,2017-03-27 08:45:00,480,0.9,6.75
7f83e923d71df8812353e1ea8f491ca1cc70469fe9ed276cecb902cbba6575d2bf2f7dd18ed0759b2b64fd2bc978de12662fbb46997df8f6fb4f95cdf9b9a8f7,2017-03-27 09:00:00,660,2.0,10.0
7f83e923d71df8812353e1ea8f491ca1cc70469fe9ed276cecb902cbba6575d2bf2f7dd18ed0759b2b64fd2bc978de12662fbb46997df8f6fb4f95cdf9b9a8f7,2017-03-27 10:15:00,1140,4.6,17.75
7f83e923d71df8812353e1ea8f491ca1cc70469fe9ed276cecb902cbba6575d2bf2f7dd18ed0759b2b64fd2bc978de12662fbb46997df8f6fb4f95cdf9b9a8f7,2017-03-27 12:45:00,720,0.2,7.25
7f83e923d71df8812353e1ea8f491ca1cc70469fe9ed276cecb902cbba6575d2bf2f7dd18ed0759b2b64fd2bc978de12662fbb46997df8f6fb4f95cdf9b9a8f7,2017-03-27 16:30:00,780,1.3,12.0
7f83e923d71df8812353e1ea8f491ca1cc70469fe9ed276cecb902cbba6575d2bf2f7dd18ed0759b2b64fd2bc978de12662fbb46997df8f6fb4f95cdf9b9a8f7,2017-03-27 17:00:00,720,1.0,8.5
7f83e923d71df8812353e1ea8f491ca1cc70469fe9ed276cecb902cbba6575d2bf2f7dd18ed0759b2b64fd2bc978de12662fbb46997df8f6fb4f95cdf9b9a8f7,2017-03-27 11:30:00,360,0.6,5.25
91212dc93eb37970cde5aaa86add90ae008469d7c4c4670c1d053735f9e49f066da8f615611216833a379d79ef297fb855822f32e7cca6516be24697551c75b9,2017-03-31 16:15:00,2760,16.6,53.0
91212dc93eb37970cde5aaa86add90ae008469d7c4c4670c1d053735f9e49f066da8f615611216833a379d79ef297fb855822f32e7cca6516be24697551c75b9,2017-03-31 19:00:00,780,6.9,36.5
91212dc93eb37970cde5aaa86add90ae008469d7c4c4670c1d053735f9e49f066da8f615611216833a379d79ef297fb855822f32e7cca6516be24697551c75b9,2017-03-31 21:00:00,1560,18.4,45.0
91212dc93eb37970cde5aaa86add90ae008469d7c4c4670c1d053735f9e49f066da8f615611216833a379d79ef297fb855822f32e7cca6516be24697551c75b9,2017-03-31 19:30:00,2400,36.2,85.0
91212dc93eb37970cde5aaa86add90ae008469d7c4c4670c1d053735f9e49f066da8f615611216833a379d79ef297fb855822f32e7cca6516be24697551c75b9,2017-03-30 12:30:00,420,0.8,8.75
ee065e5c90ac23f7fdfec374dd92bad3bdc8ebbd7c573c976228fc9e7fdb21896c9c8f3e85d82644e1291bee632999882c6826ef27958c3ec77dcb24ea03a858,2017-03-29 13:15:00,3600,14.0,40.5
99d28f53719cc2e93e6cc242144fba05452a93a418af0bf03785988f9c56ecde43868b2bb72e18daaa71f09bf69895f5392a2fd185d734802dd11cf70bf04120,2017-04-01 21:45:00,780,3.4,14.7
99d28f53719cc2e93e6cc242144fba05452a93a418af0bf03785988f9c56ecde43868b2bb72e18daaa71f09bf69895f5392a2fd185d734802dd11cf70bf04120,2017-03-31 18:00:00,480,0.8,9.0
99d28f53719cc2e93e6cc242144fba05452a93a418af0bf03785988f9c56ecde43868b2bb72e18daaa71f09bf69895f5392a2fd185d734802dd11cf70bf04120,2017-03-31 22:15:00,240,1.1,8.75
99d28f53719cc2e93e6cc242144fba05452a93a418af0bf03785988f9c56ecde43868b2bb72e18daaa71f09bf69895f5392a2fd185d734802dd11cf70bf04120,2017-03-31 22:45:00,120,0.5,5.5
99d28f53719cc2e93e6cc242144fba05452a93a418af0bf03785988f9c56ecde43868b2bb72e18daaa71f09bf69895f5392a2fd185d734802dd11cf70bf04120,2017-03-31 22:45:00,1740,14.7,40.0
99d28f53719cc2e93e6cc242144fba05452a93a418af0bf03785988f9c56ecde43868b2bb72e18daaa71f09bf69895f5392a2fd185d734802dd11cf70bf04120,2017-03-31 23:45:00,480,1.8,8.0
99d28f53719cc2e93e6cc242144fba05452a93a418af0bf03785988f9c56ecde43868b2bb72e18daaa71f09bf69895f5392a2fd185d734802dd11cf70bf04120,2017-03-31 18:15:00,240,0.4,7.25
99d28f53719cc2e93e6cc242144fba05452a93a418af0bf03785988f9c56ecde43868b2bb72e18daaa71f09bf69895f5392a2fd185d734802dd11cf70bf04120,2017-03-31 19:00:00,660,2.4,11.75
99d28f53719cc2e93e6cc242144fba05452a93a418af0bf03785988f9c56ecde43868b2bb72e18daaa71f09bf69895f5392a2fd185d734802dd11cf70bf04120,2017-03-31 19:15:00,120,0.5,4.25
99d28f53719cc2e93e6cc242144fba05452a93a418af0bf03785988f9c56ecde43868b2bb72e18daaa71f09bf69895f5392a2fd185d734802dd11cf70bf04120,2017-03-31 19:15:00,1680,11.4,32.75
99d28f53719cc2e93e6cc242144fba05452a93a418af0bf03785988f9c56ecde43868b2bb72e18daaa71f09bf69895f5392a2fd185d734802dd11cf70bf04120,2017-03-31 21:15:00,240,0.7,5.0
99d28f53719cc2e93e6cc242144fba05452a93a418af0bf03785988f9c56ecde43868b2bb72e18daaa71f09bf69895f5392a2fd185d734802dd11cf70bf04120,2017-03-30 21:45:00,540,2.7,11.25
99d28f53719cc2e93e6cc242144fba05452a93a418af0bf03785988f9c56ecde43868b2bb72e18daaa71f09bf69895f5392a2fd185d734802dd11cf70bf04120,2017-03-30 22:00:00,240,1.0,6.0
99d28f53719cc2e93e6cc242144fba05452a93a418af0bf03785988f9c56ecde43868b2bb72e18daaa71f09bf69895f5392a2fd185d734802dd11cf70bf04120,2017-03-30 22:00:00,240,0.8,6.5
99d28f53719cc2e93e6cc242144fba05452a93a418af0bf03785988f9c56ecde43868b2bb72e18daaa71f09bf69895f5392a2fd185d734802dd11cf70bf04120,2017-03-30 22:15:00,240,0.9,5.25
99d28f53719cc2e93e6cc242144fba05452a93a418af0bf03785988f9c56ecde43868b2bb72e18daaa71f09bf69895f5392a2fd185d734802dd11cf70bf04120,2017-03-30 22:30:00,1140,7.4,25.8
94d2bd206a73443d243a36aed26c8fa01ca895438f8ce863fe48a2b711b72f268df3a1721e8fd1e9be1dad8fb116a7450cd0250468d5d3853998d632b121b7a8,2017-03-30 05:30:00,2280,15.8,57.81
c3c7eca7dbd2a69ff3195e717334343ed19de792129c84eac1164ef891680fab305d6b67f0fa474846cefe0831b69ded292d8c6f77c1021822b647f48189da88,2017-03-26 13:45:00,480,1.61,8.75
c3c7eca7dbd2a69ff3195e717334343ed19de792129c84eac1164ef891680fab305d6b67f0fa474846cefe0831b69ded292d8c6f77c1021822b647f48189da88,2017-03-26 15:15:00,300,0.53,6.25
c3c7eca7dbd2a69ff3195e717334343ed19de792129c84eac1164ef891680fab305d6b67f0fa474846cefe0831b69ded292d8c6f77c1021822b647f48189da88,2017-03-26 16:15:00,4920,1.44,8.0
ec84a47de06d11f386d9d4addf9edcd0211c093c4ccde510910ab0385716cc9a3b279b5b2c44fbbddbf7a846893cd0096689d03bd8c8a27ab6daa38d208f8ddc,2017-03-27 07:15:00,3120,17.9,50.25
ec84a47de06d11f386d9d4addf9edcd0211c093c4ccde510910ab0385716cc9a3b279b5b2c44fbbddbf7a846893cd0096689d03bd8c8a27ab6daa38d208f8ddc,2017-03-27 10:00:00,1740,17.3,55.7
ec84a47de06d11f386d9d4addf9edcd0211c093c4ccde510910ab0385716cc9a3b279b5b2c44fbbddbf7a846893cd0096689d03bd8c8a27ab6daa38d208f8ddc,2017-03-27 11:45:00,420,1.4,7.0
ec84a47de06d11f386d9d4addf9edcd0211c093c4ccde510910ab0385716cc9a3b279b5b2c44fbbddbf7a846893cd0096689d03bd8c8a27ab6daa38d208f8ddc,2017-03-27 12:00:00,180,0.7,7.25
ec84a47de06d11f386d9d4addf9edcd0211c093c4ccde510910ab0385716cc9a3b279b5b2c44fbbddbf7a846893cd0096689d03bd8c8a27ab6daa38d208f8ddc,2017-03-27 12:30:00,360,1.5,6.75
99d28f53719cc2e93e6cc242144fba05452a93a418af0bf03785988f9c56ecde43868b2bb72e18daaa71f09bf69895f5392a2fd185d734802dd11cf70bf04120,2017-04-01 21:15:00,420,0.9,8.75
99d28f53719cc2e93e6cc242144fba05452a93a418af0bf03785988f9c56ecde43868b2bb72e18daaa71f09bf69895f5392a2fd185d734802dd11cf70bf04120,2017-04-01 22:30:00,420,1.2,7.75
77aff3b34413b9f32f99d9d53dcfb2d676d2641eb43054c8cc8c708aa3b459f05b621967a4ce3b3e168a835a1f6edaa4dce9c3b6ddadf4ac26517a7b8c19ccdb,2017-03-26 00:45:00,1920,14.6,53.31
77aff3b34413b9f32f99d9d53dcfb2d676d2641eb43054c8cc8c708aa3b459f05b621967a4ce3b3e168a835a1f6edaa4dce9c3b6ddadf4ac26517a7b8c19ccdb,2017-03-26 17:15:00,2940,18.3,60.75
77aff3b34413b9f32f99d9d53dcfb2d676d2641eb43054c8cc8c708aa3b459f05b621967a4ce3b3e168a835a1f6edaa4dce9c3b6ddadf4ac26517a7b8c19ccdb,2017-03-26 18:00:00,120,0.4,4.25
77aff3b34413b9f32f99d9d53dcfb2d676d2641eb43054c8cc8c708aa3b459f05b621967a4ce3b3e168a835a1f6edaa4dce9c3b6ddadf4ac26517a7b8c19ccdb,2017-03-26 18:15:00,360,0.8,6.0
77aff3b34413b9f32f99d9d53dcfb2d676d2641eb43054c8cc8c708aa3b459f05b621967a4ce3b3e168a835a1f6edaa4dce9c3b6ddadf4ac26517a7b8c19ccdb,2017-03-26 20:15:00,1740,14.0,46.5
77aff3b34413b9f32f99d9d53dcfb2d676d2641eb43054c8cc8c708aa3b459f05b621967a4ce3b3e168a835a1f6edaa4dce9c3b6ddadf4ac26517a7b8c19ccdb,2017-03-26 21:00:00,360,2.0,8.25
77aff3b34413b9f32f99d9d53dcfb2d676d2641eb43054c8cc8c708aa3b459f05b621967a4ce3b3e168a835a1f6edaa4dce9c3b6ddadf4ac26517a7b8c19ccdb,2017-03-26 23:45:00,420,3.2,15.5
77aff3b34413b9f32f99d9d53dcfb2d676d2641eb43054c8cc8c708aa3b459f05b621967a4ce3b3e168a835a1f6edaa4dce9c3b6ddadf4ac26517a7b8c19ccdb,2017-03-29 13:45:00,540,0.9,6.75
77aff3b34413b9f32f99d9d53dcfb2d676d2641eb43054c8cc8c708aa3b459f05b621967a4ce3b3e168a835a1f6edaa4dce9c3b6ddadf4ac26517a7b8c19ccdb,2017-03-29 14:15:00,300,0.5,5.0
77aff3b34413b9f32f99d9d53dcfb2d676d2641eb43054c8cc8c708aa3b459f05b621967a4ce3b3e168a835a1f6edaa4dce9c3b6ddadf4ac26517a7b8c19ccdb,2017-03-29 15:30:00,3060,11.5,40.7
77aff3b34413b9f32f99d9d53dcfb2d676d2641eb43054c8cc8c708aa3b459f05b621967a4ce3b3e168a835a1f6edaa4dce9c3b6ddadf4ac26517a7b8c19ccdb,2017-03-29 19:00:00,1740,9.5,38.9
77aff3b34413b9f32f99d9d53dcfb2d676d2641eb43054c8cc8c708aa3b459f05b621967a4ce3b3e168a835a1f6edaa4dce9c3b6ddadf4ac26517a7b8c19ccdb,2017-03-29 19:45:00,540,1.7,9.5
77aff3b34413b9f32f99d9d53dcfb2d676d2641eb43054c8cc8c708aa3b459f05b621967a4ce3b3e168a835a1f6edaa4dce9c3b6ddadf4ac26517a7b8c19ccdb,2017-03-29 20:00:00,540,2.1,10.0
77aff3b34413b9f32f99d9d53dcfb2d676d2641eb43054c8cc8c708aa3b459f05b621967a4ce3b3e168a835a1f6edaa4dce9c3b6ddadf4ac26517a7b8c19ccdb,2017-03-29 21:45:00,1740,15.6,52.1
94a17944c1f6a3541b61ee5b6aa5d7e173e19494e7ca97c9fb9028ee0c88063772cced2dfb5a492166a7979469ee222e5f95071bd9cba95f486d96e059e192f5,2017-04-01 14:45:00,300,0.7,9.25
94a17944c1f6a3541b61ee5b6aa5d7e173e19494e7ca97c9fb9028ee0c88063772cced2dfb5a492166a7979469ee222e5f95071bd9cba95f486d96e059e192f5,2017-04-01 15:15:00,840,3.4,16.25
94a17944c1f6a3541b61ee5b6aa5d7e173e19494e7ca97c9fb9028ee0c88063772cced2dfb5a492166a7979469ee222e5f95071bd9cba95f486d96e059e192f5,2017-04-01 08:00:00,600,2.7,11.25
94a17944c1f6a3541b61ee5b6aa5d7e173e19494e7ca97c9fb9028ee0c88063772cced2dfb5a492166a7979469ee222e5f95071bd9cba95f486d96e059e192f5,2017-04-01 09:30:00,1380,18.4,50.75
94a17944c1f6a3541b61ee5b6aa5d7e173e19494e7ca97c9fb9028ee0c88063772cced2dfb5a492166a7979469ee222e5f95071bd9cba95f486d96e059e192f5,2017-04-01 08:30:00,600,3.7,12.75
ce28f4015e6382801a405172085edd713a9fffeb321e91a54e6e6e2650dc3f28fd89aa5aa2afac4ef4f21127f4b5235cbe6b0d8c5ff3ab732f0c654006d7cd8e,2017-04-07 15:30:00,480,1.05,9.25
ce28f4015e6382801a405172085edd713a9fffeb321e91a54e6e6e2650dc3f28fd89aa5aa2afac4ef4f21127f4b5235cbe6b0d8c5ff3ab732f0c654006d7cd8e,2017-04-07 15:45:00,960,1.61,14.25
ce28f4015e6382801a405172085edd713a9fffeb321e91a54e6e6e2650dc3f28fd89aa5aa2afac4ef4f21127f4b5235cbe6b0d8c5ff3ab732f0c654006d7cd8e,2017-04-07 16:45:00,420,0.95,5.75
ce28f4015e6382801a405172085edd713a9fffeb321e91a54e6e6e2650dc3f28fd89aa5aa2afac4ef4f21127f4b5235cbe6b0d8c5ff3ab732f0c654006d7cd8e,2017-04-07 17:00:00,300,0.78,5.5
ce28f4015e6382801a405172085edd713a9fffeb321e91a54e6e6e2650dc3f28fd89aa5aa2afac4ef4f21127f4b5235cbe6b0d8c5ff3ab732f0c654006d7cd8e,2017-04-07 17:15:00,1200,1.53,13.5
ce28f4015e6382801a405172085edd713a9fffeb321e91a54e6e6e2650dc3f28fd89aa5aa2afac4ef4f21127f4b5235cbe6b0d8c5ff3ab732f0c654006d7cd8e,2017-04-07 18:15:00,300,0.41,6.75
ce28f4015e6382801a405172085edd713a9fffeb321e91a54e6e6e2650dc3f28fd89aa5aa2afac4ef4f21127f4b5235cbe6b0d8c5ff3ab732f0c654006d7cd8e,2017-04-07 18:45:00,600,1.57,9.0
ce28f4015e6382801a405172085edd713a9fffeb321e91a54e6e6e2650dc3f28fd89aa5aa2afac4ef4f21127f4b5235cbe6b0d8c5ff3ab732f0c654006d7cd8e,2017-04-07 19:15:00,360,1.07,9.5
ce28f4015e6382801a405172085edd713a9fffeb321e91a54e6e6e2650dc3f28fd89aa5aa2afac4ef4f21127f4b5235cbe6b0d8c5ff3ab732f0c654006d7cd8e,2017-04-07 19:30:00,240,0.84,9.0
ce28f4015e6382801a405172085edd713a9fffeb321e91a54e6e6e2650dc3f28fd89aa5aa2afac4ef4f21127f4b5235cbe6b0d8c5ff3ab732f0c654006d7cd8e,2017-04-07 20:30:00,780,2.48,12.75
ce28f4015e6382801a405172085edd713a9fffeb321e91a54e6e6e2650dc3f28fd89aa5aa2afac4ef4f21127f4b5235cbe6b0d8c5ff3ab732f0c654006d7cd8e,2017-04-07 21:00:00,1380,4.17,16.5
ce28f4015e6382801a405172085edd713a9fffeb321e91a54e6e6e2650dc3f28fd89aa5aa2afac4ef4f21127f4b5235cbe6b0d8c5ff3ab732f0c654006d7cd8e,2017-04-07 22:15:00,840,3.2,15.94
1d09fa80d9cf790cd0b6dca0c900c4ad0a989748bcd03878b889c279b4e3f820b032fa5daf3e599c36b35224f5f41c50febf94a7175c431cc0b7245ad42eb8af,2017-03-26 01:00:00,540,1.3,12.0
1d09fa80d9cf790cd0b6dca0c900c4ad0a989748bcd03878b889c279b4e3f820b032fa5daf3e599c36b35224f5f41c50febf94a7175c431cc0b7245ad42eb8af,2017-03-26 02:00:00,6780,0.0,40.75
1d09fa80d9cf790cd0b6dca0c900c4ad0a989748bcd03878b889c279b4e3f820b032fa5daf3e599c36b35224f5f41c50febf94a7175c431cc0b7245ad42eb8af,2017-03-26 04:00:00,6900,0.0,41.5
8e856e16163a85cee43d1ca81190e3b369b5a3724fe1c1780cc07abf9b24b7b733e3d92444aae5958f0d0a0c7552c0069c3b95ab6144aaf53fd722f76c0f6edc,2017-03-31 13:45:00,600,2.0,11.5
8e856e16163a85cee43d1ca81190e3b369b5a3724fe1c1780cc07abf9b24b7b733e3d92444aae5958f0d0a0c7552c0069c3b95ab6144aaf53fd722f76c0f6edc,2017-03-31 14:00:00,360,0.6,5.5
8e856e16163a85cee43d1ca81190e3b369b5a3724fe1c1780cc07abf9b24b7b733e3d92444aae5958f0d0a0c7552c0069c3b95ab6144aaf53fd722f76c0f6edc,2017-03-31 14:30:00,480,1.1,10.25
8e856e16163a85cee43d1ca81190e3b369b5a3724fe1c1780cc07abf9b24b7b733e3d92444aae5958f0d0a0c7552c0069c3b95ab6144aaf53fd722f76c0f6edc,2017-03-31 15:00:00,840,2.3,14.0
8e856e16163a85cee43d1ca81190e3b369b5a3724fe1c1780cc07abf9b24b7b733e3d92444aae5958f0d0a0c7552c0069c3b95ab6144aaf53fd722f76c0f6edc,2017-03-31 15:45:00,360,0.8,5.75
8e856e16163a85cee43d1ca81190e3b369b5a3724fe1c1780cc07abf9b24b7b733e3d92444aae5958f0d0a0c7552c0069c3b95ab6144aaf53fd722f76c0f6edc,2017-03-31 16:00:00,360,0.6,9.5
8e856e16163a85cee43d1ca81190e3b369b5a3724fe1c1780cc07abf9b24b7b733e3d92444aae5958f0d0a0c7552c0069c3b95ab6144aaf53fd722f76c0f6edc,2017-03-31 16:15:00,240,0.4,4.75
8e856e16163a85cee43d1ca81190e3b369b5a3724fe1c1780cc07abf9b24b7b733e3d92444aae5958f0d0a0c7552c0069c3b95ab6144aaf53fd722f76c0f6edc,2017-03-31 16:45:00,1080,2.4,11.5
8e856e16163a85cee43d1ca81190e3b369b5a3724fe1c1780cc07abf9b24b7b733e3d92444aae5958f0d0a0c7552c0069c3b95ab6144aaf53fd722f76c0f6edc,2017-03-31 17:00:00,840,2.5,13.25
f760c301740afe577d6c0e2f6de2cfecccf6ede158b8a3825331005da37a008716599169f4b467bc8b88e65318b5008499ad0ea4e05a7465c6bce4a1d5e70350,2017-03-29 12:15:00,600,1.2,10.25
f760c301740afe577d6c0e2f6de2cfecccf6ede158b8a3825331005da37a008716599169f4b467bc8b88e65318b5008499ad0ea4e05a7465c6bce4a1d5e70350,2017-03-29 12:30:00,420,0.9,9.0
f760c301740afe577d6c0e2f6de2cfecccf6ede158b8a3825331005da37a008716599169f4b467bc8b88e65318b5008499ad0ea4e05a7465c6bce4a1d5e70350,2017-03-29 13:30:00,480,1.6,7.75
f760c301740afe577d6c0e2f6de2cfecccf6ede158b8a3825331005da37a008716599169f4b467bc8b88e65318b5008499ad0ea4e05a7465c6bce4a1d5e70350,2017-03-29 14:00:00,120,0.5,4.5
f760c301740afe577d6c0e2f6de2cfecccf6ede158b8a3825331005da37a008716599169f4b467bc8b88e65318b5008499ad0ea4e05a7465c6bce4a1d5e70350,2017-03-29 14:15:00,660,1.8,9.0
f760c301740afe577d6c0e2f6de2cfecccf6ede158b8a3825331005da37a008716599169f4b467bc8b88e65318b5008499ad0ea4e05a7465c6bce4a1d5e70350,2017-03-31 05:30:00,420,3.4,11.25
f760c301740afe577d6c0e2f6de2cfecccf6ede158b8a3825331005da37a008716599169f4b467bc8b88e65318b5008499ad0ea4e05a7465c6bce4a1d5e70350,2017-03-31 07:15:00,420,1.5,11.25
f760c301740afe577d6c0e2f6de2cfecccf6ede158b8a3825331005da37a008716599169f4b467bc8b88e65318b5008499ad0ea4e05a7465c6bce4a1d5e70350,2017-03-31 07:30:00,420,1.0,6.5
f760c301740afe577d6c0e2f6de2cfecccf6ede158b8a3825331005da37a008716599169f4b467bc8b88e65318b5008499ad0ea4e05a7465c6bce4a1d5e70350,2017-03-31 07:45:00,240,0.4,4.5
2d72c5e6313ad93f663008a55045cad0c76164b057dcb756f23448dcfc082f616d8626020794704f296e6ad06f65837ff799930aa961729096167c5ef8612663,2017-04-06 18:30:00,480,1.2,10.5
6b7a2b54219f172fbf1327126afdfe6bde2cd390895de2290b00da7081a8863a3d2de8b27d7f33bbfb7658eb0c4bec87028a2741d23c27d5e769fa8bb0caef9f,2017-03-30 21:00:00,300,0.99,6.0
6b7a2b54219f172fbf1327126afdfe6bde2cd390895de2290b00da7081a8863a3d2de8b27d7f33bbfb7658eb0c4bec87028a2741d23c27d5e769fa8bb0caef9f,2017-03-30 21:15:00,540,2.05,8.5
6b7a2b54219f172fbf1327126afdfe6bde2cd390895de2290b00da7081a8863a3d2de8b27d7f33bbfb7658eb0c4bec87028a2741d23c27d5e769fa8bb0caef9f,2017-03-30 21:30:00,840,4.41,18.75
6b7a2b54219f172fbf1327126afdfe6bde2cd390895de2290b00da7081a8863a3d2de8b27d7f33bbfb7658eb0c4bec87028a2741d23c27d5e769fa8bb0caef9f,2017-03-30 22:00:00,360,1.17,7.5
6b7a2b54219f172fbf1327126afdfe6bde2cd390895de2290b00da7081a8863a3d2de8b27d7f33bbfb7658eb0c4bec87028a2741d23c27d5e769fa8bb0caef9f,2017-03-31 13:15:00,300,0.65,5.25
6b7a2b54219f172fbf1327126afdfe6bde2cd390895de2290b00da7081a8863a3d2de8b27d7f33bbfb7658eb0c4bec87028a2741d23c27d5e769fa8bb0caef9f,2017-03-31 13:30:00,420,0.8,7.75
6b7a2b54219f172fbf1327126afdfe6bde2cd390895de2290b00da7081a8863a3d2de8b27d7f33bbfb7658eb0c4bec87028a2741d23c27d5e769fa8bb0caef9f,2017-03-31 14:00:00,480,0.82,8.0
6b7a2b54219f172fbf1327126afdfe6bde2cd390895de2290b00da7081a8863a3d2de8b27d7f33bbfb7658eb0c4bec87028a2741d23c27d5e769fa8bb0caef9f,2017-03-31 15:30:00,1140,6.03,23.4
6b7a2b54219f172fbf1327126afdfe6bde2cd390895de2290b00da7081a8863a3d2de8b27d7f33bbfb7658eb0c4bec87028a2741d23c27d5e769fa8bb0caef9f,2017-03-31 16:15:00,180,0.66,5.0
6b7a2b54219f172fbf1327126afdfe6bde2cd390895de2290b00da7081a8863a3d2de8b27d7f33bbfb7658eb0c4bec87028a2741d23c27d5e769fa8bb0caef9f,2017-03-31 16:30:00,900,3.32,15.0
6b7a2b54219f172fbf1327126afdfe6bde2cd390895de2290b00da7081a8863a3d2de8b27d7f33bbfb7658eb0c4bec87028a2741d23c27d5e769fa8bb0caef9f,2017-03-31 16:45:00,2040,5.37,24.9
6b7a2b54219f172fbf1327126afdfe6bde2cd390895de2290b00da7081a8863a3d2de8b27d7f33bbfb7658eb0c4bec87028a2741d23c27d5e769fa8bb0caef9f,2017-03-31 17:30:00,900,2.0,12.5
6b7a2b54219f172fbf1327126afdfe6bde2cd390895de2290b00da7081a8863a3d2de8b27d7f33bbfb7658eb0c4bec87028a2741d23c27d5e769fa8bb0caef9f,2017-03-31 18:15:00,720,1.02,8.75
ce28f4015e6382801a405172085edd713a9fffeb321e91a54e6e6e2650dc3f28fd89aa5aa2afac4ef4f21127f4b5235cbe6b0d8c5ff3ab732f0c654006d7cd8e,2017-04-04 00:30:00,660,2.32,9.25
ce28f4015e6382801a405172085edd713a9fffeb321e91a54e6e6e2650dc3f28fd89aa5aa2afac4ef4f21127f4b5235cbe6b0d8c5ff3ab732f0c654006d7cd8e,2017-04-04 06:15:00,360,0.97,7.25
ce28f4015e6382801a405172085edd713a9fffeb321e91a54e6e6e2650dc3f28fd89aa5aa2afac4ef4f21127f4b5235cbe6b0d8c5ff3ab732f0c654006d7cd8e,2017-04-04 07:00:00,660,2.88,10.75
ce28f4015e6382801a405172085edd713a9fffeb321e91a54e6e6e2650dc3f28fd89aa5aa2afac4ef4f21127f4b5235cbe6b0d8c5ff3ab732f0c654006d7cd8e,2017-04-04 07:15:00,300,1.41,9.5
ce28f4015e6382801a405172085edd713a9fffeb321e91a54e6e6e2650dc3f28fd89aa5aa2afac4ef4f21127f4b5235cbe6b0d8c5ff3ab732f0c654006d7cd8e,2017-04-04 07:45:00,480,0.89,6.0
ce28f4015e6382801a405172085edd713a9fffeb321e91a54e6e6e2650dc3f28fd89aa5aa2afac4ef4f21127f4b5235cbe6b0d8c5ff3ab732f0c654006d7cd8e,2017-04-04 08:00:00,3240,18.12,59.38
ce28f4015e6382801a405172085edd713a9fffeb321e91a54e6e6e2650dc3f28fd89aa5aa2afac4ef4f21127f4b5235cbe6b0d8c5ff3ab732f0c654006d7cd8e,2017-04-04 10:15:00,2340,15.45,41.5
ce28f4015e6382801a405172085edd713a9fffeb321e91a54e6e6e2650dc3f28fd89aa5aa2afac4ef4f21127f4b5235cbe6b0d8c5ff3ab732f0c654006d7cd8e,2017-04-05 00:00:00,420,3.59,14.25
ce28f4015e6382801a405172085edd713a9fffeb321e91a54e6e6e2650dc3f28fd89aa5aa2afac4ef4f21127f4b5235cbe6b0d8c5ff3ab732f0c654006d7cd8e,2017-04-05 07:00:00,4140,17.25,56.88
ce28f4015e6382801a405172085edd713a9fffeb321e91a54e6e6e2650dc3f28fd89aa5aa2afac4ef4f21127f4b5235cbe6b0d8c5ff3ab732f0c654006d7cd8e,2017-04-05 09:30:00,300,1.1,7.5
ce28f4015e6382801a405172085edd713a9fffeb321e91a54e6e6e2650dc3f28fd89aa5aa2afac4ef4f21127f4b5235cbe6b0d8c5ff3ab732f0c654006d7cd8e,2017-04-05 09:45:00,240,0.95,8.0
ce28f4015e6382801a405172085edd713a9fffeb321e91a54e6e6e2650dc3f28fd89aa5aa2afac4ef4f21127f4b5235cbe6b0d8c5ff3ab732f0c654006d7cd8e,2017-04-05 13:30:00,300,0.64,8.75
ce28f4015e6382801a405172085edd713a9fffeb321e91a54e6e6e2650dc3f28fd89aa5aa2afac4ef4f21127f4b5235cbe6b0d8c5ff3ab732f0c654006d7cd8e,2017-04-05 13:45:00,1920,11.16,36.0
ce28f4015e6382801a405172085edd713a9fffeb321e91a54e6e6e2650dc3f28fd89aa5aa2afac4ef4f21127f4b5235cbe6b0d8c5ff3ab732f0c654006d7cd8e,2017-04-05 15:00:00,1140,7.56,21.75
ce28f4015e6382801a405172085edd713a9fffeb321e91a54e6e6e2650dc3f28fd89aa5aa2afac4ef4f21127f4b5235cbe6b0d8c5ff3ab732f0c654006d7cd8e,2017-04-05 15:45:00,480,2.06,9.0
ce28f4015e6382801a405172085edd713a9fffeb321e91a54e6e6e2650dc3f28fd89aa5aa2afac4ef4f21127f4b5235cbe6b0d8c5ff3ab732f0c654006d7cd8e,2017-04-05 16:15:00,360,1.24,11.25
ce28f4015e6382801a405172085edd713a9fffeb321e91a54e6e6e2650dc3f28fd89aa5aa2afac4ef4f21127f4b5235cbe6b0d8c5ff3ab732f0c654006d7cd8e,2017-04-05 16:15:00,420,0.75,6.0
ce28f4015e6382801a405172085edd713a9fffeb321e91a54e6e6e2650dc3f28fd89aa5aa2afac4ef4f21127f4b5235cbe6b0d8c5ff3ab732f0c654006d7cd8e,2017-04-05 16:30:00,720,1.2,8.0
ce28f4015e6382801a405172085edd713a9fffeb321e91a54e6e6e2650dc3f28fd89aa5aa2afac4ef4f21127f4b5235cbe6b0d8c5ff3ab732f0c654006d7cd8e,2017-04-05 16:45:00,180,0.66,5.0
ce28f4015e6382801a405172085edd713a9fffeb321e91a54e6e6e2650dc3f28fd89aa5aa2afac4ef4f21127f4b5235cbe6b0d8c5ff3ab732f0c654006d7cd8e,2017-04-05 17:00:00,480,0.87,6.75
ce28f4015e6382801a405172085edd713a9fffeb321e91a54e6e6e2650dc3f28fd89aa5aa2afac4ef4f21127f4b5235cbe6b0d8c5ff3ab732f0c654006d7cd8e,2017-04-05 17:00:00,1920,3.17,17.25
ce28f4015e6382801a405172085edd713a9fffeb321e91a54e6e6e2650dc3f28fd89aa5aa2afac4ef4f21127f4b5235cbe6b0d8c5ff3ab732f0c654006d7cd8e,2017-04-05 21:15:00,180,0.04,4.25
ce28f4015e6382801a405172085edd713a9fffeb321e91a54e6e6e2650dc3f28fd89aa5aa2afac4ef4f21127f4b5235cbe6b0d8c5ff3ab732f0c654006d7cd8e,2017-04-05 21:30:00,420,1.26,7.25
ce28f4015e6382801a405172085edd713a9fffeb321e91a54e6e6e2650dc3f28fd89aa5aa2afac4ef4f21127f4b5235cbe6b0d8c5ff3ab732f0c654006d7cd8e,2017-04-05 21:30:00,720,2.07,10.5
ce28f4015e6382801a405172085edd713a9fffeb321e91a54e6e6e2650dc3f28fd89aa5aa2afac4ef4f21127f4b5235cbe6b0d8c5ff3ab732f0c654006d7cd8e,2017-04-05 22:00:00,960,1.79,10.5
ce28f4015e6382801a405172085edd713a9fffeb321e91a54e6e6e2650dc3f28fd89aa5aa2afac4ef4f21127f4b5235cbe6b0d8c5ff3ab732f0c654006d7cd8e,2017-04-06 00:00:00,540,3.66,12.0
ce28f4015e6382801a405172085edd713a9fffeb321e91a54e6e6e2650dc3f28fd89aa5aa2afac4ef4f21127f4b5235cbe6b0d8c5ff3ab732f0c654006d7cd8e,2017-04-06 06:15:00,540,1.21,8.75
ce28f4015e6382801a405172085edd713a9fffeb321e91a54e6e6e2650dc3f28fd89aa5aa2afac4ef4f21127f4b5235cbe6b0d8c5ff3ab732f0c654006d7cd8e,2017-04-06 06:45:00,780,3.48,15.6
ce28f4015e6382801a405172085edd713a9fffeb321e91a54e6e6e2650dc3f28fd89aa5aa2afac4ef4f21127f4b5235cbe6b0d8c5ff3ab732f0c654006d7cd8e,2017-04-06 07:30:00,480,2.1,12.0
ce28f4015e6382801a405172085edd713a9fffeb321e91a54e6e6e2650dc3f28fd89aa5aa2afac4ef4f21127f4b5235cbe6b0d8c5ff3ab732f0c654006d7cd8e,2017-04-06 08:15:00,2100,2.49,20.7
ce28f4015e6382801a405172085edd713a9fffeb321e91a54e6e6e2650dc3f28fd89aa5aa2afac4ef4f21127f4b5235cbe6b0d8c5ff3ab732f0c654006d7cd8e,2017-04-06 09:00:00,2160,17.12,56.25
3abd6b9b6ecdd7475cc4f1a906f7c40564f5c39d0e6d34faa52c6d93eca41988ba23ee718feeba2cfa60e8645549fe733b974b754923feae8d5abc4a54558720,2017-04-08 18:00:00,1080,3.6,17.75
3abd6b9b6ecdd7475cc4f1a906f7c40564f5c39d0e6d34faa52c6d93eca41988ba23ee718feeba2cfa60e8645549fe733b974b754923feae8d5abc4a54558720,2017-04-08 18:15:00,240,0.9,5.5
3abd6b9b6ecdd7475cc4f1a906f7c40564f5c39d0e6d34faa52c6d93eca41988ba23ee718feeba2cfa60e8645549fe733b974b754923feae8d5abc4a54558720,2017-04-08 19:45:00,600,1.6,11.5
3abd6b9b6ecdd7475cc4f1a906f7c40564f5c39d0e6d34faa52c6d93eca41988ba23ee718feeba2cfa60e8645549fe733b974b754923feae8d5abc4a54558720,2017-04-08 20:00:00,300,0.9,7.0
3abd6b9b6ecdd7475cc4f1a906f7c40564f5c39d0e6d34faa52c6d93eca41988ba23ee718feeba2cfa60e8645549fe733b974b754923feae8d5abc4a54558720,2017-04-08 20:30:00,1020,3.4,14.0
3abd6b9b6ecdd7475cc4f1a906f7c40564f5c39d0e6d34faa52c6d93eca41988ba23ee718feeba2cfa60e8645549fe733b974b754923feae8d5abc4a54558720,2017-04-08 21:00:00,660,1.5,12.75
b5db0f19d98f8b1fcca97cda50345011f9040a678a994a4cacdda39d964668125f11e439be6a9ad02a936e974517658cf1e0e518aca4312e709a536f65c4f6cc,2017-03-30 12:15:00,480,2.2,12.25
b5db0f19d98f8b1fcca97cda50345011f9040a678a994a4cacdda39d964668125f11e439be6a9ad02a936e974517658cf1e0e518aca4312e709a536f65c4f6cc,2017-03-30 13:45:00,60,0.0,3.25
b5db0f19d98f8b1fcca97cda50345011f9040a678a994a4cacdda39d964668125f11e439be6a9ad02a936e974517658cf1e0e518aca4312e709a536f65c4f6cc,2017-03-30 14:15:00,420,0.6,6.75
b5db0f19d98f8b1fcca97cda50345011f9040a678a994a4cacdda39d964668125f11e439be6a9ad02a936e974517658cf1e0e518aca4312e709a536f65c4f6cc,2017-03-30 14:30:00,480,1.3,8.5
b5db0f19d98f8b1fcca97cda50345011f9040a678a994a4cacdda39d964668125f11e439be6a9ad02a936e974517658cf1e0e518aca4312e709a536f65c4f6cc,2017-03-30 14:30:00,840,1.6,8.75
b5db0f19d98f8b1fcca97cda50345011f9040a678a994a4cacdda39d964668125f11e439be6a9ad02a936e974517658cf1e0e518aca4312e709a536f65c4f6cc,2017-03-30 15:45:00,600,2.0,9.25
b5db0f19d98f8b1fcca97cda50345011f9040a678a994a4cacdda39d964668125f11e439be6a9ad02a936e974517658cf1e0e518aca4312e709a536f65c4f6cc,2017-03-30 16:15:00,720,1.6,13.75
b5db0f19d98f8b1fcca97cda50345011f9040a678a994a4cacdda39d964668125f11e439be6a9ad02a936e974517658cf1e0e518aca4312e709a536f65c4f6cc,2017-03-30 16:45:00,960,2.5,12.25
b5db0f19d98f8b1fcca97cda50345011f9040a678a994a4cacdda39d964668125f11e439be6a9ad02a936e974517658cf1e0e518aca4312e709a536f65c4f6cc,2017-03-30 17:00:00,600,1.2,7.5
b5db0f19d98f8b1fcca97cda50345011f9040a678a994a4cacdda39d964668125f11e439be6a9ad02a936e974517658cf1e0e518aca4312e709a536f65c4f6cc,2017-03-30 17:15:00,60,0.2,3.75
b5db0f19d98f8b1fcca97cda50345011f9040a678a994a4cacdda39d964668125f11e439be6a9ad02a936e974517658cf1e0e518aca4312e709a536f65c4f6cc,2017-03-30 18:30:00,420,1.5,11.0
b5db0f19d98f8b1fcca97cda50345011f9040a678a994a4cacdda39d964668125f11e439be6a9ad02a936e974517658cf1e0e518aca4312e709a536f65c4f6cc,2017-03-30 19:00:00,960,2.8,16.25
b5db0f19d98f8b1fcca97cda50345011f9040a678a994a4cacdda39d964668125f11e439be6a9ad02a936e974517658cf1e0e518aca4312e709a536f65c4f6cc,2017-03-31 06:45:00,0,0.0,3.25
b5db0f19d98f8b1fcca97cda50345011f9040a678a994a4cacdda39d964668125f11e439be6a9ad02a936e974517658cf1e0e518aca4312e709a536f65c4f6cc,2017-03-31 07:30:00,180,0.6,5.0
2d72c5e6313ad93f663008a55045cad0c76164b057dcb756f23448dcfc082f616d8626020794704f296e6ad06f65837ff799930aa961729096167c5ef8612663,2017-04-07 10:15:00,780,4.7,18.0
3671b00a8d3d78e49e75a0eb9796fbfa1ab2e07b89d7edbd09d6a614648be964da3b392cd8bf9200c4a56f992c0362c9f4f41fa328e6b3c4bda589bda7c90b0c,2017-03-27 15:00:00,0,0.0,3.25
3671b00a8d3d78e49e75a0eb9796fbfa1ab2e07b89d7edbd09d6a614648be964da3b392cd8bf9200c4a56f992c0362c9f4f41fa328e6b3c4bda589bda7c90b0c,2017-03-27 16:30:00,0,0.0,3.25
b2737ae9b50bd76931b29304ff8f8d788f3eb86d91a45d95131f3004da3cd6ae4b68fd443db3dc0dba80f65da621095d3fb50731767667cdd710d01d184e8776,2017-03-28 13:00:00,0,0.0,3.25
b2737ae9b50bd76931b29304ff8f8d788f3eb86d91a45d95131f3004da3cd6ae4b68fd443db3dc0dba80f65da621095d3fb50731767667cdd710d01d184e8776,2017-03-28 13:30:00,60,0.0,13.75
b2737ae9b50bd76931b29304ff8f8d788f3eb86d91a45d95131f3004da3cd6ae4b68fd443db3dc0dba80f65da621095d3fb50731767667cdd710d01d184e8776,2017-03-28 13:30:00,0,0.0,14.25
b2737ae9b50bd76931b29304ff8f8d788f3eb86d91a45d95131f3004da3cd6ae4b68fd443db3dc0dba80f65da621095d3fb50731767667cdd710d01d184e8776,2017-03-29 08:00:00,0,0.0,3.25
b2737ae9b50bd76931b29304ff8f8d788f3eb86d91a45d95131f3004da3cd6ae4b68fd443db3dc0dba80f65da621095d3fb50731767667cdd710d01d184e8776,2017-03-29 08:00:00,0,0.0,3.25
b2737ae9b50bd76931b29304ff8f8d788f3eb86d91a45d95131f3004da3cd6ae4b68fd443db3dc0dba80f65da621095d3fb50731767667cdd710d01d184e8776,2017-03-29 08:15:00,0,1.0,6.5
3abd6b9b6ecdd7475cc4f1a906f7c40564f5c39d0e6d34faa52c6d93eca41988ba23ee718feeba2cfa60e8645549fe733b974b754923feae8d5abc4a54558720,2017-03-30 17:15:00,1380,3.8,18.93
3abd6b9b6ecdd7475cc4f1a906f7c40564f5c39d0e6d34faa52c6d93eca41988ba23ee718feeba2cfa60e8645549fe733b974b754923feae8d5abc4a54558720,2017-03-30 17:45:00,900,2.1,10.0
3abd6b9b6ecdd7475cc4f1a906f7c40564f5c39d0e6d34faa52c6d93eca41988ba23ee718feeba2cfa60e8645549fe733b974b754923feae8d5abc4a54558720,2017-03-30 18:15:00,1080,2.0,12.5
3abd6b9b6ecdd7475cc4f1a906f7c40564f5c39d0e6d34faa52c6d93eca41988ba23ee718feeba2cfa60e8645549fe733b974b754923feae8d5abc4a54558720,2017-03-30 19:00:00,720,2.2,12.0
3abd6b9b6ecdd7475cc4f1a906f7c40564f5c39d0e6d34faa52c6d93eca41988ba23ee718feeba2cfa60e8645549fe733b974b754923feae8d5abc4a54558720,2017-03-29 03:00:00,120,0.6,4.5
3abd6b9b6ecdd7475cc4f1a906f7c40564f5c39d0e6d34faa52c6d93eca41988ba23ee718feeba2cfa60e8645549fe733b974b754923feae8d5abc4a54558720,2017-03-31 06:45:00,600,1.7,11.75
3abd6b9b6ecdd7475cc4f1a906f7c40564f5c39d0e6d34faa52c6d93eca41988ba23ee718feeba2cfa60e8645549fe733b974b754923feae8d5abc4a54558720,2017-03-31 06:45:00,240,0.8,5.5
3abd6b9b6ecdd7475cc4f1a906f7c40564f5c39d0e6d34faa52c6d93eca41988ba23ee718feeba2cfa60e8645549fe733b974b754923feae8d5abc4a54558720,2017-03-31 07:15:00,180,0.5,5.25
3abd6b9b6ecdd7475cc4f1a906f7c40564f5c39d0e6d34faa52c6d93eca41988ba23ee718feeba2cfa60e8645549fe733b974b754923feae8d5abc4a54558720,2017-03-31 07:15:00,720,1.7,12.25
3abd6b9b6ecdd7475cc4f1a906f7c40564f5c39d0e6d34faa52c6d93eca41988ba23ee718feeba2cfa60e8645549fe733b974b754923feae8d5abc4a54558720,2017-03-31 07:45:00,180,0.8,5.25
3abd6b9b6ecdd7475cc4f1a906f7c40564f5c39d0e6d34faa52c6d93eca41988ba23ee718feeba2cfa60e8645549fe733b974b754923feae8d5abc4a54558720,2017-03-31 08:00:00,480,1.2,11.25
3abd6b9b6ecdd7475cc4f1a906f7c40564f5c39d0e6d34faa52c6d93eca41988ba23ee718feeba2cfa60e8645549fe733b974b754923feae8d5abc4a54558720,2017-03-31 08:15:00,300,0.9,5.75
3abd6b9b6ecdd7475cc4f1a906f7c40564f5c39d0e6d34faa52c6d93eca41988ba23ee718feeba2cfa60e8645549fe733b974b754923feae8d5abc4a54558720,2017-03-31 08:30:00,480,1.2,7.0
3abd6b9b6ecdd7475cc4f1a906f7c40564f5c39d0e6d34faa52c6d93eca41988ba23ee718feeba2cfa60e8645549fe733b974b754923feae8d5abc4a54558720,2017-03-31 09:00:00,180,0.6,4.75
3abd6b9b6ecdd7475cc4f1a906f7c40564f5c39d0e6d34faa52c6d93eca41988ba23ee718feeba2cfa60e8645549fe733b974b754923feae8d5abc4a54558720,2017-03-31 09:00:00,180,0.6,5.0
3abd6b9b6ecdd7475cc4f1a906f7c40564f5c39d0e6d34faa52c6d93eca41988ba23ee718feeba2cfa60e8645549fe733b974b754923feae8d5abc4a54558720,2017-03-31 09:30:00,720,2.5,11.0
3abd6b9b6ecdd7475cc4f1a906f7c40564f5c39d0e6d34faa52c6d93eca41988ba23ee718feeba2cfa60e8645549fe733b974b754923feae8d5abc4a54558720,2017-03-31 10:30:00,660,2.1,9.5
3094cc6f6fb0f6ffa1a796cf2726e797f05edbde1863b87c5af33271659f6d728e3cee329677246856520be243244e6c1a578ec525526ebc91ae3461e51b14d5,2017-04-06 12:00:00,300,0.5,6.75
3094cc6f6fb0f6ffa1a796cf2726e797f05edbde1863b87c5af33271659f6d728e3cee329677246856520be243244e6c1a578ec525526ebc91ae3461e51b14d5,2017-04-06 14:15:00,2400,17.4,55.81
3094cc6f6fb0f6ffa1a796cf2726e797f05edbde1863b87c5af33271659f6d728e3cee329677246856520be243244e6c1a578ec525526ebc91ae3461e51b14d5,2017-04-02 07:30:00,300,1.4,6.5
3094cc6f6fb0f6ffa1a796cf2726e797f05edbde1863b87c5af33271659f6d728e3cee329677246856520be243244e6c1a578ec525526ebc91ae3461e51b14d5,2017-04-02 09:15:00,480,1.3,7.5
3094cc6f6fb0f6ffa1a796cf2726e797f05edbde1863b87c5af33271659f6d728e3cee329677246856520be243244e6c1a578ec525526ebc91ae3461e51b14d5,2017-04-02 11:45:00,1380,16.3,49.75
3094cc6f6fb0f6ffa1a796cf2726e797f05edbde1863b87c5af33271659f6d728e3cee329677246856520be243244e6c1a578ec525526ebc91ae3461e51b14d5,2017-04-02 14:45:00,3360,17.5,59.95
3094cc6f6fb0f6ffa1a796cf2726e797f05edbde1863b87c5af33271659f6d728e3cee329677246856520be243244e6c1a578ec525526ebc91ae3461e51b14d5,2017-04-02 18:15:00,1680,11.4,41.9
3094cc6f6fb0f6ffa1a796cf2726e797f05edbde1863b87c5af33271659f6d728e3cee329677246856520be243244e6c1a578ec525526ebc91ae3461e51b14d5,2017-04-02 21:15:00,1500,11.7,65.75
3094cc6f6fb0f6ffa1a796cf2726e797f05edbde1863b87c5af33271659f6d728e3cee329677246856520be243244e6c1a578ec525526ebc91ae3461e51b14d5,2017-04-02 23:45:00,1680,15.7,45.0
3094cc6f6fb0f6ffa1a796cf2726e797f05edbde1863b87c5af33271659f6d728e3cee329677246856520be243244e6c1a578ec525526ebc91ae3461e51b14d5,2017-04-03 10:00:00,2700,17.2,58.1
3094cc6f6fb0f6ffa1a796cf2726e797f05edbde1863b87c5af33271659f6d728e3cee329677246856520be243244e6c1a578ec525526ebc91ae3461e51b14d5,2017-04-03 12:15:00,1500,10.7,33.0
3094cc6f6fb0f6ffa1a796cf2726e797f05edbde1863b87c5af33271659f6d728e3cee329677246856520be243244e6c1a578ec525526ebc91ae3461e51b14d5,2017-04-03 14:45:00,0,0.0,3.25
3094cc6f6fb0f6ffa1a796cf2726e797f05edbde1863b87c5af33271659f6d728e3cee329677246856520be243244e6c1a578ec525526ebc91ae3461e51b14d5,2017-04-03 15:00:00,3780,16.8,58.1
3094cc6f6fb0f6ffa1a796cf2726e797f05edbde1863b87c5af33271659f6d728e3cee329677246856520be243244e6c1a578ec525526ebc91ae3461e51b14d5,2017-04-03 17:15:00,840,0.7,11.0
3094cc6f6fb0f6ffa1a796cf2726e797f05edbde1863b87c5af33271659f6d728e3cee329677246856520be243244e6c1a578ec525526ebc91ae3461e51b14d5,2017-04-03 17:45:00,840,1.2,12.5
3094cc6f6fb0f6ffa1a796cf2726e797f05edbde1863b87c5af33271659f6d728e3cee329677246856520be243244e6c1a578ec525526ebc91ae3461e51b14d5,2017-04-03 18:00:00,840,1.6,10.25
3094cc6f6fb0f6ffa1a796cf2726e797f05edbde1863b87c5af33271659f6d728e3cee329677246856520be243244e6c1a578ec525526ebc91ae3461e51b14d5,2017-04-03 18:30:00,1680,2.3,19.4
3094cc6f6fb0f6ffa1a796cf2726e797f05edbde1863b87c5af33271659f6d728e3cee329677246856520be243244e6c1a578ec525526ebc91ae3461e51b14d5,2017-04-03 21:30:00,1980,17.6,50.25
3094cc6f6fb0f6ffa1a796cf2726e797f05edbde1863b87c5af33271659f6d728e3cee329677246856520be243244e6c1a578ec525526ebc91ae3461e51b14d5,2017-04-04 00:15:00,0,0.0,3.25
3094cc6f6fb0f6ffa1a796cf2726e797f05edbde1863b87c5af33271659f6d728e3cee329677246856520be243244e6c1a578ec525526ebc91ae3461e51b14d5,2017-04-04 00:30:00,780,8.9,34.7
3094cc6f6fb0f6ffa1a796cf2726e797f05edbde1863b87c5af33271659f6d728e3cee329677246856520be243244e6c1a578ec525526ebc91ae3461e51b14d5,2017-04-04 01:30:00,480,2.3,9.25
3094cc6f6fb0f6ffa1a796cf2726e797f05edbde1863b87c5af33271659f6d728e3cee329677246856520be243244e6c1a578ec525526ebc91ae3461e51b14d5,2017-04-07 06:45:00,2100,17.6,44.0
3abd6b9b6ecdd7475cc4f1a906f7c40564f5c39d0e6d34faa52c6d93eca41988ba23ee718feeba2cfa60e8645549fe733b974b754923feae8d5abc4a54558720,2017-04-03 11:00:00,300,0.8,5.5
3abd6b9b6ecdd7475cc4f1a906f7c40564f5c39d0e6d34faa52c6d93eca41988ba23ee718feeba2cfa60e8645549fe733b974b754923feae8d5abc4a54558720,2017-04-03 11:15:00,180,0.4,4.5
3abd6b9b6ecdd7475cc4f1a906f7c40564f5c39d0e6d34faa52c6d93eca41988ba23ee718feeba2cfa60e8645549fe733b974b754923feae8d5abc4a54558720,2017-04-03 13:45:00,3780,18.1,60.15
3abd6b9b6ecdd7475cc4f1a906f7c40564f5c39d0e6d34faa52c6d93eca41988ba23ee718feeba2cfa60e8645549fe733b974b754923feae8d5abc4a54558720,2017-04-03 15:15:00,780,2.5,10.25
3abd6b9b6ecdd7475cc4f1a906f7c40564f5c39d0e6d34faa52c6d93eca41988ba23ee718feeba2cfa60e8645549fe733b974b754923feae8d5abc4a54558720,2017-04-03 15:30:00,420,0.8,6.25
3abd6b9b6ecdd7475cc4f1a906f7c40564f5c39d0e6d34faa52c6d93eca41988ba23ee718feeba2cfa60e8645549fe733b974b754923feae8d5abc4a54558720,2017-04-03 16:15:00,660,1.9,11.25
3abd6b9b6ecdd7475cc4f1a906f7c40564f5c39d0e6d34faa52c6d93eca41988ba23ee718feeba2cfa60e8645549fe733b974b754923feae8d5abc4a54558720,2017-04-03 16:30:00,420,1.0,6.75
3abd6b9b6ecdd7475cc4f1a906f7c40564f5c39d0e6d34faa52c6d93eca41988ba23ee718feeba2cfa60e8645549fe733b974b754923feae8d5abc4a54558720,2017-04-03 16:45:00,720,2.2,11.5
3abd6b9b6ecdd7475cc4f1a906f7c40564f5c39d0e6d34faa52c6d93eca41988ba23ee718feeba2cfa60e8645549fe733b974b754923feae8d5abc4a54558720,2017-04-03 17:00:00,0,0.2,3.5
3abd6b9b6ecdd7475cc4f1a906f7c40564f5c39d0e6d34faa52c6d93eca41988ba23ee718feeba2cfa60e8645549fe733b974b754923feae8d5abc4a54558720,2017-04-03 17:15:00,660,0.6,9.5
3abd6b9b6ecdd7475cc4f1a906f7c40564f5c39d0e6d34faa52c6d93eca41988ba23ee718feeba2cfa60e8645549fe733b974b754923feae8d5abc4a54558720,2017-04-03 17:30:00,300,0.5,9.0
3abd6b9b6ecdd7475cc4f1a906f7c40564f5c39d0e6d34faa52c6d93eca41988ba23ee718feeba2cfa60e8645549fe733b974b754923feae8d5abc4a54558720,2017-04-03 17:30:00,1020,1.6,10.25
3abd6b9b6ecdd7475cc4f1a906f7c40564f5c39d0e6d34faa52c6d93eca41988ba23ee718feeba2cfa60e8645549fe733b974b754923feae8d5abc4a54558720,2017-04-03 18:00:00,1380,2.1,16.25
3abd6b9b6ecdd7475cc4f1a906f7c40564f5c39d0e6d34faa52c6d93eca41988ba23ee718feeba2cfa60e8645549fe733b974b754923feae8d5abc4a54558720,2017-04-03 18:15:00,720,1.3,9.5
3abd6b9b6ecdd7475cc4f1a906f7c40564f5c39d0e6d34faa52c6d93eca41988ba23ee718feeba2cfa60e8645549fe733b974b754923feae8d5abc4a54558720,2017-04-03 18:30:00,600,0.9,9.5
3abd6b9b6ecdd7475cc4f1a906f7c40564f5c39d0e6d34faa52c6d93eca41988ba23ee718feeba2cfa60e8645549fe733b974b754923feae8d5abc4a54558720,2017-04-05 20:45:00,2040,16.0,54.5
3abd6b9b6ecdd7475cc4f1a906f7c40564f5c39d0e6d34faa52c6d93eca41988ba23ee718feeba2cfa60e8645549fe733b974b754923feae8d5abc4a54558720,2017-04-05 21:30:00,960,12.9,32.75
3abd6b9b6ecdd7475cc4f1a906f7c40564f5c39d0e6d34faa52c6d93eca41988ba23ee718feeba2cfa60e8645549fe733b974b754923feae8d5abc4a54558720,2017-04-05 22:30:00,1260,11.3,33.0
3abd6b9b6ecdd7475cc4f1a906f7c40564f5c39d0e6d34faa52c6d93eca41988ba23ee718feeba2cfa60e8645549fe733b974b754923feae8d5abc4a54558720,2017-04-06 04:45:00,1440,19.7,47.75
3abd6b9b6ecdd7475cc4f1a906f7c40564f5c39d0e6d34faa52c6d93eca41988ba23ee718feeba2cfa60e8645549fe733b974b754923feae8d5abc4a54558720,2017-04-06 07:30:00,3420,18.8,51.25
3abd6b9b6ecdd7475cc4f1a906f7c40564f5c39d0e6d34faa52c6d93eca41988ba23ee718feeba2cfa60e8645549fe733b974b754923feae8d5abc4a54558720,2017-04-06 08:45:00,1680,5.7,24.8
3abd6b9b6ecdd7475cc4f1a906f7c40564f5c39d0e6d34faa52c6d93eca41988ba23ee718feeba2cfa60e8645549fe733b974b754923feae8d5abc4a54558720,2017-04-06 09:15:00,720,3.3,14.0
3abd6b9b6ecdd7475cc4f1a906f7c40564f5c39d0e6d34faa52c6d93eca41988ba23ee718feeba2cfa60e8645549fe733b974b754923feae8d5abc4a54558720,2017-04-06 09:45:00,1020,8.7,30.2
3abd6b9b6ecdd7475cc4f1a906f7c40564f5c39d0e6d34faa52c6d93eca41988ba23ee718feeba2cfa60e8645549fe733b974b754923feae8d5abc4a54558720,2017-04-06 10:30:00,780,2.4,12.75
3abd6b9b6ecdd7475cc4f1a906f7c40564f5c39d0e6d34faa52c6d93eca41988ba23ee718feeba2cfa60e8645549fe733b974b754923feae8d5abc4a54558720,2017-04-06 11:00:00,1200,3.3,17.9
3abd6b9b6ecdd7475cc4f1a906f7c40564f5c39d0e6d34faa52c6d93eca41988ba23ee718feeba2cfa60e8645549fe733b974b754923feae8d5abc4a54558720,2017-04-06 11:30:00,600,1.5,12.0
3abd6b9b6ecdd7475cc4f1a906f7c40564f5c39d0e6d34faa52c6d93eca41988ba23ee718feeba2cfa60e8645549fe733b974b754923feae8d5abc4a54558720,2017-04-06 11:45:00,540,1.0,8.0
3abd6b9b6ecdd7475cc4f1a906f7c40564f5c39d0e6d34faa52c6d93eca41988ba23ee718feeba2cfa60e8645549fe733b974b754923feae8d5abc4a54558720,2017-04-07 14:00:00,300,0.8,6.75
3abd6b9b6ecdd7475cc4f1a906f7c40564f5c39d0e6d34faa52c6d93eca41988ba23ee718feeba2cfa60e8645549fe733b974b754923feae8d5abc4a54558720,2017-04-07 14:30:00,540,1.2,10.75
3abd6b9b6ecdd7475cc4f1a906f7c40564f5c39d0e6d34faa52c6d93eca41988ba23ee718feeba2cfa60e8645549fe733b974b754923feae8d5abc4a54558720,2017-04-07 14:45:00,300,0.8,5.75
3abd6b9b6ecdd7475cc4f1a906f7c40564f5c39d0e6d34faa52c6d93eca41988ba23ee718feeba2cfa60e8645549fe733b974b754923feae8d5abc4a54558720,2017-04-07 15:00:00,720,1.5,8.75
3abd6b9b6ecdd7475cc4f1a906f7c40564f5c39d0e6d34faa52c6d93eca41988ba23ee718feeba2cfa60e8645549fe733b974b754923feae8d5abc4a54558720,2017-04-07 15:15:00,360,1.1,6.5
3abd6b9b6ecdd7475cc4f1a906f7c40564f5c39d0e6d34faa52c6d93eca41988ba23ee718feeba2cfa60e8645549fe733b974b754923feae8d5abc4a54558720,2017-04-07 15:45:00,960,4.3,17.9
3abd6b9b6ecdd7475cc4f1a906f7c40564f5c39d0e6d34faa52c6d93eca41988ba23ee718feeba2cfa60e8645549fe733b974b754923feae8d5abc4a54558720,2017-04-07 16:00:00,360,0.8,7.0
3abd6b9b6ecdd7475cc4f1a906f7c40564f5c39d0e6d34faa52c6d93eca41988ba23ee718feeba2cfa60e8645549fe733b974b754923feae8d5abc4a54558720,2017-04-07 16:30:00,780,0.2,9.0
3abd6b9b6ecdd7475cc4f1a906f7c40564f5c39d0e6d34faa52c6d93eca41988ba23ee718feeba2cfa60e8645549fe733b974b754923feae8d5abc4a54558720,2017-04-07 16:45:00,360,1.1,6.5
3abd6b9b6ecdd7475cc4f1a906f7c40564f5c39d0e6d34faa52c6d93eca41988ba23ee718feeba2cfa60e8645549fe733b974b754923feae8d5abc4a54558720,2017-04-07 17:00:00,660,1.5,11.75
3abd6b9b6ecdd7475cc4f1a906f7c40564f5c39d0e6d34faa52c6d93eca41988ba23ee718feeba2cfa60e8645549fe733b974b754923feae8d5abc4a54558720,2017-04-07 17:15:00,840,1.6,10.75
3abd6b9b6ecdd7475cc4f1a906f7c40564f5c39d0e6d34faa52c6d93eca41988ba23ee718feeba2cfa60e8645549fe733b974b754923feae8d5abc4a54558720,2017-04-07 17:45:00,840,1.7,9.25
3abd6b9b6ecdd7475cc4f1a906f7c40564f5c39d0e6d34faa52c6d93eca41988ba23ee718feeba2cfa60e8645549fe733b974b754923feae8d5abc4a54558720,2017-04-07 18:15:00,660,1.8,10.0
3abd6b9b6ecdd7475cc4f1a906f7c40564f5c39d0e6d34faa52c6d93eca41988ba23ee718feeba2cfa60e8645549fe733b974b754923feae8d5abc4a54558720,2017-04-07 18:30:00,360,1.2,8.75
3abd6b9b6ecdd7475cc4f1a906f7c40564f5c39d0e6d34faa52c6d93eca41988ba23ee718feeba2cfa60e8645549fe733b974b754923feae8d5abc4a54558720,2017-04-07 19:00:00,900,2.2,14.0
3abd6b9b6ecdd7475cc4f1a906f7c40564f5c39d0e6d34faa52c6d93eca41988ba23ee718feeba2cfa60e8645549fe733b974b754923feae8d5abc4a54558720,2017-04-07 19:15:00,960,3.6,18.5
ec84a47de06d11f386d9d4addf9edcd0211c093c4ccde510910ab0385716cc9a3b279b5b2c44fbbddbf7a846893cd0096689d03bd8c8a27ab6daa38d208f8ddc,2017-03-30 07:45:00,1680,13.5,43.93
ec84a47de06d11f386d9d4addf9edcd0211c093c4ccde510910ab0385716cc9a3b279b5b2c44fbbddbf7a846893cd0096689d03bd8c8a27ab6daa38d208f8ddc,2017-03-30 10:00:00,2340,13.0,50.0
ec84a47de06d11f386d9d4addf9edcd0211c093c4ccde510910ab0385716cc9a3b279b5b2c44fbbddbf7a846893cd0096689d03bd8c8a27ab6daa38d208f8ddc,2017-03-30 11:00:00,840,4.0,12.75
ec84a47de06d11f386d9d4addf9edcd0211c093c4ccde510910ab0385716cc9a3b279b5b2c44fbbddbf7a846893cd0096689d03bd8c8a27ab6daa38d208f8ddc,2017-03-30 13:15:00,180,0.5,8.0
ec84a47de06d11f386d9d4addf9edcd0211c093c4ccde510910ab0385716cc9a3b279b5b2c44fbbddbf7a846893cd0096689d03bd8c8a27ab6daa38d208f8ddc,2017-03-30 13:30:00,1500,8.7,24.0
ec84a47de06d11f386d9d4addf9edcd0211c093c4ccde510910ab0385716cc9a3b279b5b2c44fbbddbf7a846893cd0096689d03bd8c8a27ab6daa38d208f8ddc,2017-03-30 15:00:00,180,1.0,6.75
ec84a47de06d11f386d9d4addf9edcd0211c093c4ccde510910ab0385716cc9a3b279b5b2c44fbbddbf7a846893cd0096689d03bd8c8a27ab6daa38d208f8ddc,2017-03-31 08:00:00,900,2.1,14.25
ec84a47de06d11f386d9d4addf9edcd0211c093c4ccde510910ab0385716cc9a3b279b5b2c44fbbddbf7a846893cd0096689d03bd8c8a27ab6daa38d208f8ddc,2017-03-31 08:15:00,480,0.8,8.75
ec84a47de06d11f386d9d4addf9edcd0211c093c4ccde510910ab0385716cc9a3b279b5b2c44fbbddbf7a846893cd0096689d03bd8c8a27ab6daa38d208f8ddc,2017-03-31 08:45:00,1260,6.2,23.31
ec84a47de06d11f386d9d4addf9edcd0211c093c4ccde510910ab0385716cc9a3b279b5b2c44fbbddbf7a846893cd0096689d03bd8c8a27ab6daa38d208f8ddc,2017-03-31 12:30:00,840,1.4,8.5
ec84a47de06d11f386d9d4addf9edcd0211c093c4ccde510910ab0385716cc9a3b279b5b2c44fbbddbf7a846893cd0096689d03bd8c8a27ab6daa38d208f8ddc,2017-03-31 16:45:00,1620,5.3,18.0
ec84a47de06d11f386d9d4addf9edcd0211c093c4ccde510910ab0385716cc9a3b279b5b2c44fbbddbf7a846893cd0096689d03bd8c8a27ab6daa38d208f8ddc,2017-03-31 17:15:00,540,1.8,8.0
ec84a47de06d11f386d9d4addf9edcd0211c093c4ccde510910ab0385716cc9a3b279b5b2c44fbbddbf7a846893cd0096689d03bd8c8a27ab6daa38d208f8ddc,2017-03-28 07:45:00,720,1.7,9.25
ec84a47de06d11f386d9d4addf9edcd0211c093c4ccde510910ab0385716cc9a3b279b5b2c44fbbddbf7a846893cd0096689d03bd8c8a27ab6daa38d208f8ddc,2017-03-28 08:45:00,1020,4.3,16.5
ec84a47de06d11f386d9d4addf9edcd0211c093c4ccde510910ab0385716cc9a3b279b5b2c44fbbddbf7a846893cd0096689d03bd8c8a27ab6daa38d208f8ddc,2017-03-28 15:00:00,240,0.5,7.25
ec84a47de06d11f386d9d4addf9edcd0211c093c4ccde510910ab0385716cc9a3b279b5b2c44fbbddbf7a846893cd0096689d03bd8c8a27ab6daa38d208f8ddc,2017-03-28 15:30:00,540,3.2,13.25
ec84a47de06d11f386d9d4addf9edcd0211c093c4ccde510910ab0385716cc9a3b279b5b2c44fbbddbf7a846893cd0096689d03bd8c8a27ab6daa38d208f8ddc,2017-03-26 05:45:00,540,3.0,10.25
ec84a47de06d11f386d9d4addf9edcd0211c093c4ccde510910ab0385716cc9a3b279b5b2c44fbbddbf7a846893cd0096689d03bd8c8a27ab6daa38d208f8ddc,2017-03-26 08:15:00,900,4.2,18.0
ec84a47de06d11f386d9d4addf9edcd0211c093c4ccde510910ab0385716cc9a3b279b5b2c44fbbddbf7a846893cd0096689d03bd8c8a27ab6daa38d208f8ddc,2017-03-26 08:45:00,180,0.6,5.25
ec84a47de06d11f386d9d4addf9edcd0211c093c4ccde510910ab0385716cc9a3b279b5b2c44fbbddbf7a846893cd0096689d03bd8c8a27ab6daa38d208f8ddc,2017-03-26 09:15:00,60,0.1,3.5
18cc8f12635a8251621a44661119a9d3c551d47b75a30d9f27df3ea57e6a77788049335cf4d129754b18de01ae9396b6cecdf20c9d66c90b81edfb0705ecd4bf,2017-03-31 21:45:00,540,1.6,8.75
18cc8f12635a8251621a44661119a9d3c551d47b75a30d9f27df3ea57e6a77788049335cf4d129754b18de01ae9396b6cecdf20c9d66c90b81edfb0705ecd4bf,2017-03-31 22:15:00,1380,10.6,28.0
35c00a8ae34d65dc8ee013019f90fd8cc7016dbf313980a109f8a51cc0328ae5ffeae5e9ccd69b3ef758594c0d4c42741eb59dc4f5a73ab996842ce8e5f2eded,2017-03-31 21:30:00,429,1.19,10.0
35c00a8ae34d65dc8ee013019f90fd8cc7016dbf313980a109f8a51cc0328ae5ffeae5e9ccd69b3ef758594c0d4c42741eb59dc4f5a73ab996842ce8e5f2eded,2017-03-31 22:15:00,1584,4.11,18.5
35c00a8ae34d65dc8ee013019f90fd8cc7016dbf313980a109f8a51cc0328ae5ffeae5e9ccd69b3ef758594c0d4c42741eb59dc4f5a73ab996842ce8e5f2eded,2017-03-31 23:00:00,603,1.84,12.25
35c00a8ae34d65dc8ee013019f90fd8cc7016dbf313980a109f8a51cc0328ae5ffeae5e9ccd69b3ef758594c0d4c42741eb59dc4f5a73ab996842ce8e5f2eded,2017-03-31 23:30:00,664,3.98,15.25
35c00a8ae34d65dc8ee013019f90fd8cc7016dbf313980a109f8a51cc0328ae5ffeae5e9ccd69b3ef758594c0d4c42741eb59dc4f5a73ab996842ce8e5f2eded,2017-03-31 23:45:00,123,0.68,7.25
14d334d4d5d6eb8415d5d0e700208f29bcef1731ad139642e999bf4cd30a8d59ce127f22ee33bee510b036ad11414480e52f42317f4a19b6019634e494585765,2017-03-27 07:30:00,59760,0.0,0.0
ba87ebcada16aad3f40ed6699a9e67512f64ef670e277728c1d89b932d5994ff78776d99e8aaaa87202ca435980ecddcdd66c5edd4ca42b0544b3141dc1ba946,2017-03-31 20:45:00,2100,15.3,51.75
ba87ebcada16aad3f40ed6699a9e67512f64ef670e277728c1d89b932d5994ff78776d99e8aaaa87202ca435980ecddcdd66c5edd4ca42b0544b3141dc1ba946,2017-03-31 21:30:00,1200,8.5,30.8
ba87ebcada16aad3f40ed6699a9e67512f64ef670e277728c1d89b932d5994ff78776d99e8aaaa87202ca435980ecddcdd66c5edd4ca42b0544b3141dc1ba946,2017-03-31 22:30:00,300,0.8,5.5
e14b72f6ec0a3804a1a989e2e818a2b82e73ef8b3d462c437c160e0c159cd07d178ff03762cfefdc0825a77bd63ee3212358e2db10c8e5cd93c372d1edd02d65,2017-04-01 03:00:00,240,0.5,4.75
e14b72f6ec0a3804a1a989e2e818a2b82e73ef8b3d462c437c160e0c159cd07d178ff03762cfefdc0825a77bd63ee3212358e2db10c8e5cd93c372d1edd02d65,2017-04-01 03:15:00,360,1.5,7.0
e14b72f6ec0a3804a1a989e2e818a2b82e73ef8b3d462c437c160e0c159cd07d178ff03762cfefdc0825a77bd63ee3212358e2db10c8e5cd93c372d1edd02d65,2017-04-01 03:15:00,0,0.0,3.25
d6d5194c8f712167fb1c63ef4409ce18414e022c65b7e6201f08da0f077f9ccd93136497dbda4f3c03109e59dfd78b3eea2db3e015d42fad91694896cd30e7a9,2017-03-31 02:00:00,1020,10.3,31.25
d6d5194c8f712167fb1c63ef4409ce18414e022c65b7e6201f08da0f077f9ccd93136497dbda4f3c03109e59dfd78b3eea2db3e015d42fad91694896cd30e7a9,2017-03-31 14:15:00,3600,17.5,62.3
d6d5194c8f712167fb1c63ef4409ce18414e022c65b7e6201f08da0f077f9ccd93136497dbda4f3c03109e59dfd78b3eea2db3e015d42fad91694896cd30e7a9,2017-03-31 16:15:00,1380,4.9,16.5
d6d5194c8f712167fb1c63ef4409ce18414e022c65b7e6201f08da0f077f9ccd93136497dbda4f3c03109e59dfd78b3eea2db3e015d42fad91694896cd30e7a9,2017-03-31 19:15:00,1320,12.3,43.7
d6d5194c8f712167fb1c63ef4409ce18414e022c65b7e6201f08da0f077f9ccd93136497dbda4f3c03109e59dfd78b3eea2db3e015d42fad91694896cd30e7a9,2017-03-31 23:15:00,1320,13.4,48.2
a70033840874630ef8ad8ee73cbdc43929011360ecc78805040a6c03cff6757f3e4f58caa8f222c488ad1f165f1c3069ae252bf1226261c3ac94d25d816d720c,2017-03-31 06:15:00,1733,18.41,57.19
a70033840874630ef8ad8ee73cbdc43929011360ecc78805040a6c03cff6757f3e4f58caa8f222c488ad1f165f1c3069ae252bf1226261c3ac94d25d816d720c,2017-03-31 07:30:00,1425,4.37,16.75
01c86849c3f7217277938ad1e7a86f43dd4b9316d7c0c85a0e917587c710647619aeef84fa3624b166dafb97dda9ed16100fb44bac141fee003d58d4de7c09a3,2017-03-28 11:30:00,780,4.4,18.25
01c86849c3f7217277938ad1e7a86f43dd4b9316d7c0c85a0e917587c710647619aeef84fa3624b166dafb97dda9ed16100fb44bac141fee003d58d4de7c09a3,2017-03-28 12:00:00,540,1.3,10.0
01c86849c3f7217277938ad1e7a86f43dd4b9316d7c0c85a0e917587c710647619aeef84fa3624b166dafb97dda9ed16100fb44bac141fee003d58d4de7c09a3,2017-03-28 12:15:00,360,0.8,8.25
01c86849c3f7217277938ad1e7a86f43dd4b9316d7c0c85a0e917587c710647619aeef84fa3624b166dafb97dda9ed16100fb44bac141fee003d58d4de7c09a3,2017-03-28 12:45:00,720,1.7,11.75
01c86849c3f7217277938ad1e7a86f43dd4b9316d7c0c85a0e917587c710647619aeef84fa3624b166dafb97dda9ed16100fb44bac141fee003d58d4de7c09a3,2017-03-28 13:00:00,240,0.7,6.0
01c86849c3f7217277938ad1e7a86f43dd4b9316d7c0c85a0e917587c710647619aeef84fa3624b166dafb97dda9ed16100fb44bac141fee003d58d4de7c09a3,2017-03-28 13:15:00,240,0.4,7.0
01c86849c3f7217277938ad1e7a86f43dd4b9316d7c0c85a0e917587c710647619aeef84fa3624b166dafb97dda9ed16100fb44bac141fee003d58d4de7c09a3,2017-03-28 13:30:00,300,0.9,5.5
01c86849c3f7217277938ad1e7a86f43dd4b9316d7c0c85a0e917587c710647619aeef84fa3624b166dafb97dda9ed16100fb44bac141fee003d58d4de7c09a3,2017-03-28 13:45:00,300,1.1,6.5
01c86849c3f7217277938ad1e7a86f43dd4b9316d7c0c85a0e917587c710647619aeef84fa3624b166dafb97dda9ed16100fb44bac141fee003d58d4de7c09a3,2017-03-28 13:45:00,660,2.2,14.0
01c86849c3f7217277938ad1e7a86f43dd4b9316d7c0c85a0e917587c710647619aeef84fa3624b166dafb97dda9ed16100fb44bac141fee003d58d4de7c09a3,2017-03-28 14:30:00,420,1.6,7.75
01c86849c3f7217277938ad1e7a86f43dd4b9316d7c0c85a0e917587c710647619aeef84fa3624b166dafb97dda9ed16100fb44bac141fee003d58d4de7c09a3,2017-03-28 15:00:00,2160,17.2,51.25
01c86849c3f7217277938ad1e7a86f43dd4b9316d7c0c85a0e917587c710647619aeef84fa3624b166dafb97dda9ed16100fb44bac141fee003d58d4de7c09a3,2017-03-28 16:45:00,780,2.1,12.25
01c86849c3f7217277938ad1e7a86f43dd4b9316d7c0c85a0e917587c710647619aeef84fa3624b166dafb97dda9ed16100fb44bac141fee003d58d4de7c09a3,2017-03-28 17:15:00,840,0.8,12.75
01c86849c3f7217277938ad1e7a86f43dd4b9316d7c0c85a0e917587c710647619aeef84fa3624b166dafb97dda9ed16100fb44bac141fee003d58d4de7c09a3,2017-03-28 17:30:00,960,2.2,14.0
01c86849c3f7217277938ad1e7a86f43dd4b9316d7c0c85a0e917587c710647619aeef84fa3624b166dafb97dda9ed16100fb44bac141fee003d58d4de7c09a3,2017-03-28 18:00:00,1260,4.6,20.4
b103a8eb64ada2139668ccbde9c39af73dcf878f25f561ba9083df7a8fca1d452c98c397a36b0cd9674dd379c941af62805958c033ace9cace6a7dbeb1094432,2017-03-28 12:45:00,360,1.2,9.25
3abd6b9b6ecdd7475cc4f1a906f7c40564f5c39d0e6d34faa52c6d93eca41988ba23ee718feeba2cfa60e8645549fe733b974b754923feae8d5abc4a54558720,2017-03-27 10:45:00,660,1.9,11.75
3abd6b9b6ecdd7475cc4f1a906f7c40564f5c39d0e6d34faa52c6d93eca41988ba23ee718feeba2cfa60e8645549fe733b974b754923feae8d5abc4a54558720,2017-03-27 11:15:00,360,1.3,9.0
3abd6b9b6ecdd7475cc4f1a906f7c40564f5c39d0e6d34faa52c6d93eca41988ba23ee718feeba2cfa60e8645549fe733b974b754923feae8d5abc4a54558720,2017-03-27 11:30:00,180,0.4,4.25
3abd6b9b6ecdd7475cc4f1a906f7c40564f5c39d0e6d34faa52c6d93eca41988ba23ee718feeba2cfa60e8645549fe733b974b754923feae8d5abc4a54558720,2017-03-27 12:45:00,900,4.5,17.5
3abd6b9b6ecdd7475cc4f1a906f7c40564f5c39d0e6d34faa52c6d93eca41988ba23ee718feeba2cfa60e8645549fe733b974b754923feae8d5abc4a54558720,2017-03-27 13:15:00,180,0.5,4.75
3abd6b9b6ecdd7475cc4f1a906f7c40564f5c39d0e6d34faa52c6d93eca41988ba23ee718feeba2cfa60e8645549fe733b974b754923feae8d5abc4a54558720,2017-03-27 14:00:00,960,3.4,16.25
3abd6b9b6ecdd7475cc4f1a906f7c40564f5c39d0e6d34faa52c6d93eca41988ba23ee718feeba2cfa60e8645549fe733b974b754923feae8d5abc4a54558720,2017-03-27 14:45:00,660,2.8,10.75
e14b72f6ec0a3804a1a989e2e818a2b82e73ef8b3d462c437c160e0c159cd07d178ff03762cfefdc0825a77bd63ee3212358e2db10c8e5cd93c372d1edd02d65,2017-03-26 21:45:00,600,1.6,8.5
e14b72f6ec0a3804a1a989e2e818a2b82e73ef8b3d462c437c160e0c159cd07d178ff03762cfefdc0825a77bd63ee3212358e2db10c8e5cd93c372d1edd02d65,2017-03-27 01:00:00,0,0.0,3.25
e14b72f6ec0a3804a1a989e2e818a2b82e73ef8b3d462c437c160e0c159cd07d178ff03762cfefdc0825a77bd63ee3212358e2db10c8e5cd93c372d1edd02d65,2017-03-27 01:00:00,600,2.6,10.75
e14b72f6ec0a3804a1a989e2e818a2b82e73ef8b3d462c437c160e0c159cd07d178ff03762cfefdc0825a77bd63ee3212358e2db10c8e5cd93c372d1edd02d65,2017-03-29 02:00:00,1380,6.4,21.5
e14b72f6ec0a3804a1a989e2e818a2b82e73ef8b3d462c437c160e0c159cd07d178ff03762cfefdc0825a77bd63ee3212358e2db10c8e5cd93c372d1edd02d65,2017-03-29 04:00:00,1380,6.4,19.0
e14b72f6ec0a3804a1a989e2e818a2b82e73ef8b3d462c437c160e0c159cd07d178ff03762cfefdc0825a77bd63ee3212358e2db10c8e5cd93c372d1edd02d65,2017-03-28 23:45:00,0,0.0,3.25
e14b72f6ec0a3804a1a989e2e818a2b82e73ef8b3d462c437c160e0c159cd07d178ff03762cfefdc0825a77bd63ee3212358e2db10c8e5cd93c372d1edd02d65,2017-03-30 21:15:00,900,4.8,18.2
e14b72f6ec0a3804a1a989e2e818a2b82e73ef8b3d462c437c160e0c159cd07d178ff03762cfefdc0825a77bd63ee3212358e2db10c8e5cd93c372d1edd02d65,2017-03-31 00:45:00,420,2.3,8.75
e14b72f6ec0a3804a1a989e2e818a2b82e73ef8b3d462c437c160e0c159cd07d178ff03762cfefdc0825a77bd63ee3212358e2db10c8e5cd93c372d1edd02d65,2017-03-31 02:00:00,900,3.9,13.25
e14b72f6ec0a3804a1a989e2e818a2b82e73ef8b3d462c437c160e0c159cd07d178ff03762cfefdc0825a77bd63ee3212358e2db10c8e5cd93c372d1edd02d65,2017-03-31 03:45:00,0,0.0,3.25
e14b72f6ec0a3804a1a989e2e818a2b82e73ef8b3d462c437c160e0c159cd07d178ff03762cfefdc0825a77bd63ee3212358e2db10c8e5cd93c372d1edd02d65,2017-03-31 04:00:00,1020,3.5,13.5
e14b72f6ec0a3804a1a989e2e818a2b82e73ef8b3d462c437c160e0c159cd07d178ff03762cfefdc0825a77bd63ee3212358e2db10c8e5cd93c372d1edd02d65,2017-03-31 04:30:00,600,1.4,9.5
6b7a2b54219f172fbf1327126afdfe6bde2cd390895de2290b00da7081a8863a3d2de8b27d7f33bbfb7658eb0c4bec87028a2741d23c27d5e769fa8bb0caef9f,2017-03-27 18:30:00,900,5.71,21.0
6b7a2b54219f172fbf1327126afdfe6bde2cd390895de2290b00da7081a8863a3d2de8b27d7f33bbfb7658eb0c4bec87028a2741d23c27d5e769fa8bb0caef9f,2017-03-27 19:30:00,480,1.58,10.25
6b7a2b54219f172fbf1327126afdfe6bde2cd390895de2290b00da7081a8863a3d2de8b27d7f33bbfb7658eb0c4bec87028a2741d23c27d5e769fa8bb0caef9f,2017-03-28 15:30:00,60,1.03,5.5
6b7a2b54219f172fbf1327126afdfe6bde2cd390895de2290b00da7081a8863a3d2de8b27d7f33bbfb7658eb0c4bec87028a2741d23c27d5e769fa8bb0caef9f,2017-03-28 15:45:00,2820,18.19,52.9
6b7a2b54219f172fbf1327126afdfe6bde2cd390895de2290b00da7081a8863a3d2de8b27d7f33bbfb7658eb0c4bec87028a2741d23c27d5e769fa8bb0caef9f,2017-03-28 17:15:00,1320,1.03,10.25
6b7a2b54219f172fbf1327126afdfe6bde2cd390895de2290b00da7081a8863a3d2de8b27d7f33bbfb7658eb0c4bec87028a2741d23c27d5e769fa8bb0caef9f,2017-03-28 17:45:00,300,1.19,6.25
6b7a2b54219f172fbf1327126afdfe6bde2cd390895de2290b00da7081a8863a3d2de8b27d7f33bbfb7658eb0c4bec87028a2741d23c27d5e769fa8bb0caef9f,2017-03-28 18:30:00,900,2.28,13.25
6b7a2b54219f172fbf1327126afdfe6bde2cd390895de2290b00da7081a8863a3d2de8b27d7f33bbfb7658eb0c4bec87028a2741d23c27d5e769fa8bb0caef9f,2017-03-28 19:15:00,1200,8.7,30.62
6b7a2b54219f172fbf1327126afdfe6bde2cd390895de2290b00da7081a8863a3d2de8b27d7f33bbfb7658eb0c4bec87028a2741d23c27d5e769fa8bb0caef9f,2017-03-29 12:45:00,0,0.0,3.25
6b7a2b54219f172fbf1327126afdfe6bde2cd390895de2290b00da7081a8863a3d2de8b27d7f33bbfb7658eb0c4bec87028a2741d23c27d5e769fa8bb0caef9f,2017-03-29 13:00:00,0,0.0,3.25
6b7a2b54219f172fbf1327126afdfe6bde2cd390895de2290b00da7081a8863a3d2de8b27d7f33bbfb7658eb0c4bec87028a2741d23c27d5e769fa8bb0caef9f,2017-03-29 13:00:00,60,0.0,3.25
6b7a2b54219f172fbf1327126afdfe6bde2cd390895de2290b00da7081a8863a3d2de8b27d7f33bbfb7658eb0c4bec87028a2741d23c27d5e769fa8bb0caef9f,2017-03-29 13:30:00,720,3.48,12.25
6b7a2b54219f172fbf1327126afdfe6bde2cd390895de2290b00da7081a8863a3d2de8b27d7f33bbfb7658eb0c4bec87028a2741d23c27d5e769fa8bb0caef9f,2017-03-29 16:15:00,420,1.26,7.0
6b7a2b54219f172fbf1327126afdfe6bde2cd390895de2290b00da7081a8863a3d2de8b27d7f33bbfb7658eb0c4bec87028a2741d23c27d5e769fa8bb0caef9f,2017-03-29 16:30:00,1140,2.14,11.5
6b7a2b54219f172fbf1327126afdfe6bde2cd390895de2290b00da7081a8863a3d2de8b27d7f33bbfb7658eb0c4bec87028a2741d23c27d5e769fa8bb0caef9f,2017-03-29 17:00:00,660,1.74,8.25
6b7a2b54219f172fbf1327126afdfe6bde2cd390895de2290b00da7081a8863a3d2de8b27d7f33bbfb7658eb0c4bec87028a2741d23c27d5e769fa8bb0caef9f,2017-03-29 17:45:00,540,0.84,9.0
6b7a2b54219f172fbf1327126afdfe6bde2cd390895de2290b00da7081a8863a3d2de8b27d7f33bbfb7658eb0c4bec87028a2741d23c27d5e769fa8bb0caef9f,2017-03-29 18:30:00,840,3.42,16.56
6b7a2b54219f172fbf1327126afdfe6bde2cd390895de2290b00da7081a8863a3d2de8b27d7f33bbfb7658eb0c4bec87028a2741d23c27d5e769fa8bb0caef9f,2017-03-29 19:00:00,720,1.94,10.5
6b7a2b54219f172fbf1327126afdfe6bde2cd390895de2290b00da7081a8863a3d2de8b27d7f33bbfb7658eb0c4bec87028a2741d23c27d5e769fa8bb0caef9f,2017-03-29 19:30:00,540,1.71,8.25
e721bbad6011a0096c3d8b0b6ad61b4762e4ac3707938464452fc77cb22e28569b21054a82c6f080b4144a42b643bc644d5bd9fa25cbb61e1077371a0d2522b1,2017-03-26 10:45:00,840,3.5,15.0
e721bbad6011a0096c3d8b0b6ad61b4762e4ac3707938464452fc77cb22e28569b21054a82c6f080b4144a42b643bc644d5bd9fa25cbb61e1077371a0d2522b1,2017-03-26 12:00:00,660,2.1,10.75
e721bbad6011a0096c3d8b0b6ad61b4762e4ac3707938464452fc77cb22e28569b21054a82c6f080b4144a42b643bc644d5bd9fa25cbb61e1077371a0d2522b1,2017-03-26 12:30:00,1200,8.5,23.75
e721bbad6011a0096c3d8b0b6ad61b4762e4ac3707938464452fc77cb22e28569b21054a82c6f080b4144a42b643bc644d5bd9fa25cbb61e1077371a0d2522b1,2017-03-26 09:45:00,420,1.2,10.25
e721bbad6011a0096c3d8b0b6ad61b4762e4ac3707938464452fc77cb22e28569b21054a82c6f080b4144a42b643bc644d5bd9fa25cbb61e1077371a0d2522b1,2017-03-26 14:00:00,3360,17.5,74.25
e721bbad6011a0096c3d8b0b6ad61b4762e4ac3707938464452fc77cb22e28569b21054a82c6f080b4144a42b643bc644d5bd9fa25cbb61e1077371a0d2522b1,2017-03-26 05:00:00,720,5.5,21.5
e721bbad6011a0096c3d8b0b6ad61b4762e4ac3707938464452fc77cb22e28569b21054a82c6f080b4144a42b643bc644d5bd9fa25cbb61e1077371a0d2522b1,2017-03-26 08:00:00,840,3.2,17.25
e721bbad6011a0096c3d8b0b6ad61b4762e4ac3707938464452fc77cb22e28569b21054a82c6f080b4144a42b643bc644d5bd9fa25cbb61e1077371a0d2522b1,2017-03-26 08:30:00,180,0.9,5.5
14d334d4d5d6eb8415d5d0e700208f29bcef1731ad139642e999bf4cd30a8d59ce127f22ee33bee510b036ad11414480e52f42317f4a19b6019634e494585765,2017-03-28 13:30:00,540,1.6,10.5
14d334d4d5d6eb8415d5d0e700208f29bcef1731ad139642e999bf4cd30a8d59ce127f22ee33bee510b036ad11414480e52f42317f4a19b6019634e494585765,2017-03-28 14:45:00,360,0.8,6.0
14d334d4d5d6eb8415d5d0e700208f29bcef1731ad139642e999bf4cd30a8d59ce127f22ee33bee510b036ad11414480e52f42317f4a19b6019634e494585765,2017-03-28 15:00:00,540,1.7,8.25
14d334d4d5d6eb8415d5d0e700208f29bcef1731ad139642e999bf4cd30a8d59ce127f22ee33bee510b036ad11414480e52f42317f4a19b6019634e494585765,2017-03-28 10:45:00,480,1.3,7.5
14d334d4d5d6eb8415d5d0e700208f29bcef1731ad139642e999bf4cd30a8d59ce127f22ee33bee510b036ad11414480e52f42317f4a19b6019634e494585765,2017-03-29 06:15:00,2340,20.1,52.0
14d334d4d5d6eb8415d5d0e700208f29bcef1731ad139642e999bf4cd30a8d59ce127f22ee33bee510b036ad11414480e52f42317f4a19b6019634e494585765,2017-03-29 07:45:00,1020,5.0,19.1
14d334d4d5d6eb8415d5d0e700208f29bcef1731ad139642e999bf4cd30a8d59ce127f22ee33bee510b036ad11414480e52f42317f4a19b6019634e494585765,2017-03-29 09:15:00,300,1.5,9.5
14d334d4d5d6eb8415d5d0e700208f29bcef1731ad139642e999bf4cd30a8d59ce127f22ee33bee510b036ad11414480e52f42317f4a19b6019634e494585765,2017-03-29 09:30:00,780,3.0,11.75
14d334d4d5d6eb8415d5d0e700208f29bcef1731ad139642e999bf4cd30a8d59ce127f22ee33bee510b036ad11414480e52f42317f4a19b6019634e494585765,2017-03-29 09:45:00,600,1.8,8.75
14d334d4d5d6eb8415d5d0e700208f29bcef1731ad139642e999bf4cd30a8d59ce127f22ee33bee510b036ad11414480e52f42317f4a19b6019634e494585765,2017-03-29 10:30:00,1380,3.8,15.0
14d334d4d5d6eb8415d5d0e700208f29bcef1731ad139642e999bf4cd30a8d59ce127f22ee33bee510b036ad11414480e52f42317f4a19b6019634e494585765,2017-03-29 11:15:00,540,3.9,12.5
14d334d4d5d6eb8415d5d0e700208f29bcef1731ad139642e999bf4cd30a8d59ce127f22ee33bee510b036ad11414480e52f42317f4a19b6019634e494585765,2017-03-29 15:00:00,3000,15.9,45.0
14d334d4d5d6eb8415d5d0e700208f29bcef1731ad139642e999bf4cd30a8d59ce127f22ee33bee510b036ad11414480e52f42317f4a19b6019634e494585765,2017-03-30 09:00:00,1080,1.7,10.25
14d334d4d5d6eb8415d5d0e700208f29bcef1731ad139642e999bf4cd30a8d59ce127f22ee33bee510b036ad11414480e52f42317f4a19b6019634e494585765,2017-03-30 10:00:00,180,0.6,6.75
3f3db658785ce18d0b698d7364c20f89873ede51b60f36505661432dd274a4939ebbb732691964419bd982229943cd010b216ae92667a075bd042836538c3050,2017-04-01 14:15:00,3060,19.7,51.75
3f3db658785ce18d0b698d7364c20f89873ede51b60f36505661432dd274a4939ebbb732691964419bd982229943cd010b216ae92667a075bd042836538c3050,2017-04-01 18:30:00,540,2.2,9.0
3f3db658785ce18d0b698d7364c20f89873ede51b60f36505661432dd274a4939ebbb732691964419bd982229943cd010b216ae92667a075bd042836538c3050,2017-04-01 17:00:00,2220,10.3,32.75
2d72c5e6313ad93f663008a55045cad0c76164b057dcb756f23448dcfc082f616d8626020794704f296e6ad06f65837ff799930aa961729096167c5ef8612663,2017-04-07 11:15:00,360,3.2,18.0
2d72c5e6313ad93f663008a55045cad0c76164b057dcb756f23448dcfc082f616d8626020794704f296e6ad06f65837ff799930aa961729096167c5ef8612663,2017-04-07 12:00:00,2520,17.6,59.1
2d72c5e6313ad93f663008a55045cad0c76164b057dcb756f23448dcfc082f616d8626020794704f296e6ad06f65837ff799930aa961729096167c5ef8612663,2017-04-07 12:45:00,420,1.2,7.75
2d72c5e6313ad93f663008a55045cad0c76164b057dcb756f23448dcfc082f616d8626020794704f296e6ad06f65837ff799930aa961729096167c5ef8612663,2017-04-03 16:45:00,4080,17.4,62.19
2d72c5e6313ad93f663008a55045cad0c76164b057dcb756f23448dcfc082f616d8626020794704f296e6ad06f65837ff799930aa961729096167c5ef8612663,2017-04-03 18:00:00,1020,1.8,12.25
2d72c5e6313ad93f663008a55045cad0c76164b057dcb756f23448dcfc082f616d8626020794704f296e6ad06f65837ff799930aa961729096167c5ef8612663,2017-04-04 09:00:00,3480,16.9,57.9
2d72c5e6313ad93f663008a55045cad0c76164b057dcb756f23448dcfc082f616d8626020794704f296e6ad06f65837ff799930aa961729096167c5ef8612663,2017-04-04 11:45:00,2160,17.1,56.25
2d72c5e6313ad93f663008a55045cad0c76164b057dcb756f23448dcfc082f616d8626020794704f296e6ad06f65837ff799930aa961729096167c5ef8612663,2017-04-04 12:15:00,300,0.5,4.75
2d72c5e6313ad93f663008a55045cad0c76164b057dcb756f23448dcfc082f616d8626020794704f296e6ad06f65837ff799930aa961729096167c5ef8612663,2017-04-04 12:30:00,600,2.8,12.75
2d72c5e6313ad93f663008a55045cad0c76164b057dcb756f23448dcfc082f616d8626020794704f296e6ad06f65837ff799930aa961729096167c5ef8612663,2017-04-04 12:45:00,240,0.9,6.5
2d72c5e6313ad93f663008a55045cad0c76164b057dcb756f23448dcfc082f616d8626020794704f296e6ad06f65837ff799930aa961729096167c5ef8612663,2017-04-04 13:15:00,540,4.5,20.0
3094cc6f6fb0f6ffa1a796cf2726e797f05edbde1863b87c5af33271659f6d728e3cee329677246856520be243244e6c1a578ec525526ebc91ae3461e51b14d5,2017-04-07 10:00:00,0,0.0,3.25
3094cc6f6fb0f6ffa1a796cf2726e797f05edbde1863b87c5af33271659f6d728e3cee329677246856520be243244e6c1a578ec525526ebc91ae3461e51b14d5,2017-04-07 10:45:00,2400,17.5,59.3
3094cc6f6fb0f6ffa1a796cf2726e797f05edbde1863b87c5af33271659f6d728e3cee329677246856520be243244e6c1a578ec525526ebc91ae3461e51b14d5,2017-04-07 14:45:00,840,1.5,10.25
3094cc6f6fb0f6ffa1a796cf2726e797f05edbde1863b87c5af33271659f6d728e3cee329677246856520be243244e6c1a578ec525526ebc91ae3461e51b14d5,2017-04-07 15:15:00,540,0.9,8.5
e64ae81fa38a2e8716a35dfa4e316dddd2eda286f5824e561efb5d5510089add938e5fcacd330751d5d02a2693418f6d31466234ec681cfedf115e9ccda9debf,2014-09-05 21:00:00,120,0.7,5.65
e64ae81fa38a2e8716a35dfa4e316dddd2eda286f5824e561efb5d5510089add938e5fcacd330751d5d02a2693418f6d31466234ec681cfedf115e9ccda9debf,2014-09-05 21:15:00,600,2.0,9.05
e64ae81fa38a2e8716a35dfa4e316dddd2eda286f5824e561efb5d5510089add938e5fcacd330751d5d02a2693418f6d31466234ec681cfedf115e9ccda9debf,2014-09-05 21:15:00,180,0.4,4.25
746d6a7a44c2d97606216ff513d227443a5fa5cc72b747ffa30756c6aced956f9fedcca236b4d788c982c886889947f35cef4943d948045f8f91aa7f1b176283,2017-04-08 12:45:00,180,0.6,9.25
746d6a7a44c2d97606216ff513d227443a5fa5cc72b747ffa30756c6aced956f9fedcca236b4d788c982c886889947f35cef4943d948045f8f91aa7f1b176283,2017-04-08 12:45:00,120,0.2,4.75
746d6a7a44c2d97606216ff513d227443a5fa5cc72b747ffa30756c6aced956f9fedcca236b4d788c982c886889947f35cef4943d948045f8f91aa7f1b176283,2017-04-08 13:00:00,0,0.0,3.25
746d6a7a44c2d97606216ff513d227443a5fa5cc72b747ffa30756c6aced956f9fedcca236b4d788c982c886889947f35cef4943d948045f8f91aa7f1b176283,2017-04-08 13:45:00,1680,11.7,32.75
dc2ae2f64699ce7e882d42fcf596bcbfc32c892bc1723af9dc3600ac1bd390ba10c933de2f342b14ec917d291d39bff13d0826a7ea8d31205c9a4df0f04a792d,2017-03-26 03:30:00,1158,9.75,29.0
dc2ae2f64699ce7e882d42fcf596bcbfc32c892bc1723af9dc3600ac1bd390ba10c933de2f342b14ec917d291d39bff13d0826a7ea8d31205c9a4df0f04a792d,2017-03-26 04:15:00,113,0.22,6.0
dc2ae2f64699ce7e882d42fcf596bcbfc32c892bc1723af9dc3600ac1bd390ba10c933de2f342b14ec917d291d39bff13d0826a7ea8d31205c9a4df0f04a792d,2017-03-26 04:15:00,584,3.66,13.5
dc2ae2f64699ce7e882d42fcf596bcbfc32c892bc1723af9dc3600ac1bd390ba10c933de2f342b14ec917d291d39bff13d0826a7ea8d31205c9a4df0f04a792d,2017-03-26 05:30:00,934,6.18,21.5
42560393a9c9b9ae28339f4b5aec77fd89bd49916ad54175d9ee679d69939f973c177065f2816d7990a6663a07270335a4a852190c3258497ba7978edced68c8,2017-03-30 01:15:00,300,1.23,6.75
42560393a9c9b9ae28339f4b5aec77fd89bd49916ad54175d9ee679d69939f973c177065f2816d7990a6663a07270335a4a852190c3258497ba7978edced68c8,2017-03-30 02:00:00,1560,7.16,23.0
42560393a9c9b9ae28339f4b5aec77fd89bd49916ad54175d9ee679d69939f973c177065f2816d7990a6663a07270335a4a852190c3258497ba7978edced68c8,2017-03-30 02:30:00,3540,35.69,86.0
42560393a9c9b9ae28339f4b5aec77fd89bd49916ad54175d9ee679d69939f973c177065f2816d7990a6663a07270335a4a852190c3258497ba7978edced68c8,2017-03-30 21:15:00,360,0.61,6.0
42560393a9c9b9ae28339f4b5aec77fd89bd49916ad54175d9ee679d69939f973c177065f2816d7990a6663a07270335a4a852190c3258497ba7978edced68c8,2017-03-30 21:15:00,0,0.01,3.25
42560393a9c9b9ae28339f4b5aec77fd89bd49916ad54175d9ee679d69939f973c177065f2816d7990a6663a07270335a4a852190c3258497ba7978edced68c8,2017-03-30 21:45:00,420,0.97,7.5
42560393a9c9b9ae28339f4b5aec77fd89bd49916ad54175d9ee679d69939f973c177065f2816d7990a6663a07270335a4a852190c3258497ba7978edced68c8,2017-03-30 21:45:00,1440,8.3,30.6
42560393a9c9b9ae28339f4b5aec77fd89bd49916ad54175d9ee679d69939f973c177065f2816d7990a6663a07270335a4a852190c3258497ba7978edced68c8,2017-03-30 22:15:00,480,0.48,6.75
42560393a9c9b9ae28339f4b5aec77fd89bd49916ad54175d9ee679d69939f973c177065f2816d7990a6663a07270335a4a852190c3258497ba7978edced68c8,2017-03-30 22:30:00,240,3.49,11.0
42560393a9c9b9ae28339f4b5aec77fd89bd49916ad54175d9ee679d69939f973c177065f2816d7990a6663a07270335a4a852190c3258497ba7978edced68c8,2017-03-30 22:45:00,1200,8.39,25.5
42560393a9c9b9ae28339f4b5aec77fd89bd49916ad54175d9ee679d69939f973c177065f2816d7990a6663a07270335a4a852190c3258497ba7978edced68c8,2017-03-30 23:15:00,120,1.73,7.0
42560393a9c9b9ae28339f4b5aec77fd89bd49916ad54175d9ee679d69939f973c177065f2816d7990a6663a07270335a4a852190c3258497ba7978edced68c8,2017-03-30 23:15:00,120,0.05,3.75
42560393a9c9b9ae28339f4b5aec77fd89bd49916ad54175d9ee679d69939f973c177065f2816d7990a6663a07270335a4a852190c3258497ba7978edced68c8,2017-03-31 00:00:00,240,0.79,8.0
42560393a9c9b9ae28339f4b5aec77fd89bd49916ad54175d9ee679d69939f973c177065f2816d7990a6663a07270335a4a852190c3258497ba7978edced68c8,2017-03-31 01:15:00,240,1.0,10.25
42560393a9c9b9ae28339f4b5aec77fd89bd49916ad54175d9ee679d69939f973c177065f2816d7990a6663a07270335a4a852190c3258497ba7978edced68c8,2017-03-31 01:15:00,60,0.17,3.75
42560393a9c9b9ae28339f4b5aec77fd89bd49916ad54175d9ee679d69939f973c177065f2816d7990a6663a07270335a4a852190c3258497ba7978edced68c8,2017-03-31 01:30:00,120,0.35,14.5
42560393a9c9b9ae28339f4b5aec77fd89bd49916ad54175d9ee679d69939f973c177065f2816d7990a6663a07270335a4a852190c3258497ba7978edced68c8,2017-03-31 02:45:00,360,1.38,7.0
42560393a9c9b9ae28339f4b5aec77fd89bd49916ad54175d9ee679d69939f973c177065f2816d7990a6663a07270335a4a852190c3258497ba7978edced68c8,2017-03-31 03:00:00,300,1.09,6.0
42560393a9c9b9ae28339f4b5aec77fd89bd49916ad54175d9ee679d69939f973c177065f2816d7990a6663a07270335a4a852190c3258497ba7978edced68c8,2017-03-31 03:15:00,1860,14.22,38.75
42560393a9c9b9ae28339f4b5aec77fd89bd49916ad54175d9ee679d69939f973c177065f2816d7990a6663a07270335a4a852190c3258497ba7978edced68c8,2017-03-31 03:45:00,480,0.1,6.5
b103a8eb64ada2139668ccbde9c39af73dcf878f25f561ba9083df7a8fca1d452c98c397a36b0cd9674dd379c941af62805958c033ace9cace6a7dbeb1094432,2017-03-28 14:45:00,2460,16.0,46.25
b103a8eb64ada2139668ccbde9c39af73dcf878f25f561ba9083df7a8fca1d452c98c397a36b0cd9674dd379c941af62805958c033ace9cace6a7dbeb1094432,2017-03-28 15:45:00,540,1.7,8.25
b103a8eb64ada2139668ccbde9c39af73dcf878f25f561ba9083df7a8fca1d452c98c397a36b0cd9674dd379c941af62805958c033ace9cace6a7dbeb1094432,2017-03-28 16:30:00,1140,8.1,23.0
b103a8eb64ada2139668ccbde9c39af73dcf878f25f561ba9083df7a8fca1d452c98c397a36b0cd9674dd379c941af62805958c033ace9cace6a7dbeb1094432,2017-03-28 17:45:00,600,1.5,10.25
b103a8eb64ada2139668ccbde9c39af73dcf878f25f561ba9083df7a8fca1d452c98c397a36b0cd9674dd379c941af62805958c033ace9cace6a7dbeb1094432,2017-03-28 18:00:00,600,1.0,9.75
b103a8eb64ada2139668ccbde9c39af73dcf878f25f561ba9083df7a8fca1d452c98c397a36b0cd9674dd379c941af62805958c033ace9cace6a7dbeb1094432,2017-03-28 18:30:00,660,4.1,15.75
b103a8eb64ada2139668ccbde9c39af73dcf878f25f561ba9083df7a8fca1d452c98c397a36b0cd9674dd379c941af62805958c033ace9cace6a7dbeb1094432,2017-03-28 19:45:00,420,1.4,7.0
b103a8eb64ada2139668ccbde9c39af73dcf878f25f561ba9083df7a8fca1d452c98c397a36b0cd9674dd379c941af62805958c033ace9cace6a7dbeb1094432,2017-03-28 20:15:00,840,7.6,25.4
b103a8eb64ada2139668ccbde9c39af73dcf878f25f561ba9083df7a8fca1d452c98c397a36b0cd9674dd379c941af62805958c033ace9cace6a7dbeb1094432,2017-03-29 07:15:00,60,0.0,3.5
b103a8eb64ada2139668ccbde9c39af73dcf878f25f561ba9083df7a8fca1d452c98c397a36b0cd9674dd379c941af62805958c033ace9cace6a7dbeb1094432,2017-03-29 08:00:00,3060,17.1,55.5
b103a8eb64ada2139668ccbde9c39af73dcf878f25f561ba9083df7a8fca1d452c98c397a36b0cd9674dd379c941af62805958c033ace9cace6a7dbeb1094432,2017-03-29 09:30:00,1680,13.2,35.0
842e2b1cd011fab01b6cc042f40c5941798405df1b3b02c5dafe36612149b5b4590afe2cc04e87065f521768082650e39464988fb3df02a8f73a9ef88c9ca4c0,2017-04-01 23:30:00,480,1.9,12.75
842e2b1cd011fab01b6cc042f40c5941798405df1b3b02c5dafe36612149b5b4590afe2cc04e87065f521768082650e39464988fb3df02a8f73a9ef88c9ca4c0,2017-04-01 23:45:00,960,4.9,18.8
842e2b1cd011fab01b6cc042f40c5941798405df1b3b02c5dafe36612149b5b4590afe2cc04e87065f521768082650e39464988fb3df02a8f73a9ef88c9ca4c0,2017-04-01 19:00:00,180,0.7,5.0
842e2b1cd011fab01b6cc042f40c5941798405df1b3b02c5dafe36612149b5b4590afe2cc04e87065f521768082650e39464988fb3df02a8f73a9ef88c9ca4c0,2017-04-01 19:30:00,240,1.0,6.75
842e2b1cd011fab01b6cc042f40c5941798405df1b3b02c5dafe36612149b5b4590afe2cc04e87065f521768082650e39464988fb3df02a8f73a9ef88c9ca4c0,2017-04-01 21:15:00,600,2.6,9.75
842e2b1cd011fab01b6cc042f40c5941798405df1b3b02c5dafe36612149b5b4590afe2cc04e87065f521768082650e39464988fb3df02a8f73a9ef88c9ca4c0,2017-03-30 17:00:00,1380,2.5,14.5
842e2b1cd011fab01b6cc042f40c5941798405df1b3b02c5dafe36612149b5b4590afe2cc04e87065f521768082650e39464988fb3df02a8f73a9ef88c9ca4c0,2017-03-30 17:30:00,480,0.8,9.0
746d6a7a44c2d97606216ff513d227443a5fa5cc72b747ffa30756c6aced956f9fedcca236b4d788c982c886889947f35cef4943d948045f8f91aa7f1b176283,2017-04-05 13:30:00,480,1.1,8.75
746d6a7a44c2d97606216ff513d227443a5fa5cc72b747ffa30756c6aced956f9fedcca236b4d788c982c886889947f35cef4943d948045f8f91aa7f1b176283,2017-04-05 13:45:00,360,0.7,5.5
746d6a7a44c2d97606216ff513d227443a5fa5cc72b747ffa30756c6aced956f9fedcca236b4d788c982c886889947f35cef4943d948045f8f91aa7f1b176283,2017-04-05 14:15:00,420,1.2,8.75
746d6a7a44c2d97606216ff513d227443a5fa5cc72b747ffa30756c6aced956f9fedcca236b4d788c982c886889947f35cef4943d948045f8f91aa7f1b176283,2017-04-05 14:30:00,420,0.8,9.0
746d6a7a44c2d97606216ff513d227443a5fa5cc72b747ffa30756c6aced956f9fedcca236b4d788c982c886889947f35cef4943d948045f8f91aa7f1b176283,2017-04-05 14:30:00,60,0.0,3.5
746d6a7a44c2d97606216ff513d227443a5fa5cc72b747ffa30756c6aced956f9fedcca236b4d788c982c886889947f35cef4943d948045f8f91aa7f1b176283,2017-04-05 14:45:00,660,2.7,11.0
746d6a7a44c2d97606216ff513d227443a5fa5cc72b747ffa30756c6aced956f9fedcca236b4d788c982c886889947f35cef4943d948045f8f91aa7f1b176283,2017-04-05 16:00:00,6300,25.7,78.75
746d6a7a44c2d97606216ff513d227443a5fa5cc72b747ffa30756c6aced956f9fedcca236b4d788c982c886889947f35cef4943d948045f8f91aa7f1b176283,2017-04-06 05:30:00,480,1.7,12.36
746d6a7a44c2d97606216ff513d227443a5fa5cc72b747ffa30756c6aced956f9fedcca236b4d788c982c886889947f35cef4943d948045f8f91aa7f1b176283,2017-04-06 05:30:00,0,0.1,3.5
746d6a7a44c2d97606216ff513d227443a5fa5cc72b747ffa30756c6aced956f9fedcca236b4d788c982c886889947f35cef4943d948045f8f91aa7f1b176283,2017-04-06 06:00:00,1860,17.4,66.6
746d6a7a44c2d97606216ff513d227443a5fa5cc72b747ffa30756c6aced956f9fedcca236b4d788c982c886889947f35cef4943d948045f8f91aa7f1b176283,2017-04-06 07:30:00,180,0.7,4.75
746d6a7a44c2d97606216ff513d227443a5fa5cc72b747ffa30756c6aced956f9fedcca236b4d788c982c886889947f35cef4943d948045f8f91aa7f1b176283,2017-04-06 07:45:00,2280,6.9,22.5
746d6a7a44c2d97606216ff513d227443a5fa5cc72b747ffa30756c6aced956f9fedcca236b4d788c982c886889947f35cef4943d948045f8f91aa7f1b176283,2017-04-06 08:30:00,240,0.5,6.0
746d6a7a44c2d97606216ff513d227443a5fa5cc72b747ffa30756c6aced956f9fedcca236b4d788c982c886889947f35cef4943d948045f8f91aa7f1b176283,2017-04-06 08:30:00,2460,18.1,63.0
746d6a7a44c2d97606216ff513d227443a5fa5cc72b747ffa30756c6aced956f9fedcca236b4d788c982c886889947f35cef4943d948045f8f91aa7f1b176283,2017-04-06 12:15:00,2460,17.8,60.0
746d6a7a44c2d97606216ff513d227443a5fa5cc72b747ffa30756c6aced956f9fedcca236b4d788c982c886889947f35cef4943d948045f8f91aa7f1b176283,2017-04-06 13:00:00,300,0.6,8.0
746d6a7a44c2d97606216ff513d227443a5fa5cc72b747ffa30756c6aced956f9fedcca236b4d788c982c886889947f35cef4943d948045f8f91aa7f1b176283,2017-04-06 13:45:00,960,1.3,13.0
746d6a7a44c2d97606216ff513d227443a5fa5cc72b747ffa30756c6aced956f9fedcca236b4d788c982c886889947f35cef4943d948045f8f91aa7f1b176283,2017-04-06 14:00:00,120,0.2,4.5
746d6a7a44c2d97606216ff513d227443a5fa5cc72b747ffa30756c6aced956f9fedcca236b4d788c982c886889947f35cef4943d948045f8f91aa7f1b176283,2017-04-06 14:15:00,0,0.0,3.25
746d6a7a44c2d97606216ff513d227443a5fa5cc72b747ffa30756c6aced956f9fedcca236b4d788c982c886889947f35cef4943d948045f8f91aa7f1b176283,2017-04-06 14:30:00,720,3.0,11.25
b5db0f19d98f8b1fcca97cda50345011f9040a678a994a4cacdda39d964668125f11e439be6a9ad02a936e974517658cf1e0e518aca4312e709a536f65c4f6cc,2017-03-29 08:45:00,600,1.2,9.75
b5db0f19d98f8b1fcca97cda50345011f9040a678a994a4cacdda39d964668125f11e439be6a9ad02a936e974517658cf1e0e518aca4312e709a536f65c4f6cc,2017-03-29 09:45:00,660,3.0,12.0
b5db0f19d98f8b1fcca97cda50345011f9040a678a994a4cacdda39d964668125f11e439be6a9ad02a936e974517658cf1e0e518aca4312e709a536f65c4f6cc,2017-03-29 10:45:00,600,2.2,11.25
b5db0f19d98f8b1fcca97cda50345011f9040a678a994a4cacdda39d964668125f11e439be6a9ad02a936e974517658cf1e0e518aca4312e709a536f65c4f6cc,2017-03-29 11:45:00,180,0.6,8.25
b5db0f19d98f8b1fcca97cda50345011f9040a678a994a4cacdda39d964668125f11e439be6a9ad02a936e974517658cf1e0e518aca4312e709a536f65c4f6cc,2017-03-29 12:00:00,360,1.7,7.75
b5db0f19d98f8b1fcca97cda50345011f9040a678a994a4cacdda39d964668125f11e439be6a9ad02a936e974517658cf1e0e518aca4312e709a536f65c4f6cc,2017-03-29 12:30:00,300,0.7,7.0
18cc8f12635a8251621a44661119a9d3c551d47b75a30d9f27df3ea57e6a77788049335cf4d129754b18de01ae9396b6cecdf20c9d66c90b81edfb0705ecd4bf,2017-03-29 14:30:00,420,1.3,9.25
18cc8f12635a8251621a44661119a9d3c551d47b75a30d9f27df3ea57e6a77788049335cf4d129754b18de01ae9396b6cecdf20c9d66c90b81edfb0705ecd4bf,2017-03-30 00:15:00,840,3.7,16.0
18cc8f12635a8251621a44661119a9d3c551d47b75a30d9f27df3ea57e6a77788049335cf4d129754b18de01ae9396b6cecdf20c9d66c90b81edfb0705ecd4bf,2017-03-30 12:30:00,360,0.6,6.5
18cc8f12635a8251621a44661119a9d3c551d47b75a30d9f27df3ea57e6a77788049335cf4d129754b18de01ae9396b6cecdf20c9d66c90b81edfb0705ecd4bf,2017-03-30 12:45:00,360,0.5,5.5
18cc8f12635a8251621a44661119a9d3c551d47b75a30d9f27df3ea57e6a77788049335cf4d129754b18de01ae9396b6cecdf20c9d66c90b81edfb0705ecd4bf,2017-03-30 13:15:00,600,1.8,11.5
91212dc93eb37970cde5aaa86add90ae008469d7c4c4670c1d053735f9e49f066da8f615611216833a379d79ef297fb855822f32e7cca6516be24697551c75b9,2017-03-28 11:30:00,600,1.4,10.75
91212dc93eb37970cde5aaa86add90ae008469d7c4c4670c1d053735f9e49f066da8f615611216833a379d79ef297fb855822f32e7cca6516be24697551c75b9,2017-03-28 11:45:00,540,1.8,9.25
91212dc93eb37970cde5aaa86add90ae008469d7c4c4670c1d053735f9e49f066da8f615611216833a379d79ef297fb855822f32e7cca6516be24697551c75b9,2017-03-28 12:00:00,840,3.8,17.5
91212dc93eb37970cde5aaa86add90ae008469d7c4c4670c1d053735f9e49f066da8f615611216833a379d79ef297fb855822f32e7cca6516be24697551c75b9,2017-03-28 12:15:00,960,7.9,21.75
91212dc93eb37970cde5aaa86add90ae008469d7c4c4670c1d053735f9e49f066da8f615611216833a379d79ef297fb855822f32e7cca6516be24697551c75b9,2017-03-28 13:00:00,540,1.4,10.25
91212dc93eb37970cde5aaa86add90ae008469d7c4c4670c1d053735f9e49f066da8f615611216833a379d79ef297fb855822f32e7cca6516be24697551c75b9,2017-03-28 13:45:00,300,0.5,5.0
c3c7eca7dbd2a69ff3195e717334343ed19de792129c84eac1164ef891680fab305d6b67f0fa474846cefe0831b69ded292d8c6f77c1021822b647f48189da88,2017-03-30 23:45:00,5040,1.27,7.0
c3c7eca7dbd2a69ff3195e717334343ed19de792129c84eac1164ef891680fab305d6b67f0fa474846cefe0831b69ded292d8c6f77c1021822b647f48189da88,2017-03-31 01:00:00,0,0.02,5.25
c3c7eca7dbd2a69ff3195e717334343ed19de792129c84eac1164ef891680fab305d6b67f0fa474846cefe0831b69ded292d8c6f77c1021822b647f48189da88,2017-03-31 01:00:00,540,0.68,8.5
c3c7eca7dbd2a69ff3195e717334343ed19de792129c84eac1164ef891680fab305d6b67f0fa474846cefe0831b69ded292d8c6f77c1021822b647f48189da88,2017-03-31 04:30:00,660,1.93,8.5
c3c7eca7dbd2a69ff3195e717334343ed19de792129c84eac1164ef891680fab305d6b67f0fa474846cefe0831b69ded292d8c6f77c1021822b647f48189da88,2017-03-31 06:30:00,1920,18.4,53.48
c3c7eca7dbd2a69ff3195e717334343ed19de792129c84eac1164ef891680fab305d6b67f0fa474846cefe0831b69ded292d8c6f77c1021822b647f48189da88,2017-03-31 06:30:00,0,0.0,4.25
c3c7eca7dbd2a69ff3195e717334343ed19de792129c84eac1164ef891680fab305d6b67f0fa474846cefe0831b69ded292d8c6f77c1021822b647f48189da88,2017-03-31 11:00:00,3720,18.41,52.75
c3c7eca7dbd2a69ff3195e717334343ed19de792129c84eac1164ef891680fab305d6b67f0fa474846cefe0831b69ded292d8c6f77c1021822b647f48189da88,2017-03-31 12:00:00,480,1.33,12.25
c3c7eca7dbd2a69ff3195e717334343ed19de792129c84eac1164ef891680fab305d6b67f0fa474846cefe0831b69ded292d8c6f77c1021822b647f48189da88,2017-03-31 12:45:00,360,1.18,7.75
c3c7eca7dbd2a69ff3195e717334343ed19de792129c84eac1164ef891680fab305d6b67f0fa474846cefe0831b69ded292d8c6f77c1021822b647f48189da88,2017-03-31 19:45:00,2220,20.65,66.6
c3c7eca7dbd2a69ff3195e717334343ed19de792129c84eac1164ef891680fab305d6b67f0fa474846cefe0831b69ded292d8c6f77c1021822b647f48189da88,2017-03-31 21:15:00,180,0.4,4.25
c3c7eca7dbd2a69ff3195e717334343ed19de792129c84eac1164ef891680fab305d6b67f0fa474846cefe0831b69ded292d8c6f77c1021822b647f48189da88,2017-03-31 22:00:00,1140,6.48,20.0
c3c7eca7dbd2a69ff3195e717334343ed19de792129c84eac1164ef891680fab305d6b67f0fa474846cefe0831b69ded292d8c6f77c1021822b647f48189da88,2017-03-31 22:30:00,1860,3.37,17.0
746d6a7a44c2d97606216ff513d227443a5fa5cc72b747ffa30756c6aced956f9fedcca236b4d788c982c886889947f35cef4943d948045f8f91aa7f1b176283,2017-04-03 13:00:00,240,0.3,6.0
746d6a7a44c2d97606216ff513d227443a5fa5cc72b747ffa30756c6aced956f9fedcca236b4d788c982c886889947f35cef4943d948045f8f91aa7f1b176283,2017-04-03 13:15:00,60,0.0,3.75
746d6a7a44c2d97606216ff513d227443a5fa5cc72b747ffa30756c6aced956f9fedcca236b4d788c982c886889947f35cef4943d948045f8f91aa7f1b176283,2017-04-03 13:30:00,360,0.8,7.75
746d6a7a44c2d97606216ff513d227443a5fa5cc72b747ffa30756c6aced956f9fedcca236b4d788c982c886889947f35cef4943d948045f8f91aa7f1b176283,2017-04-03 13:45:00,0,0.0,3.5
746d6a7a44c2d97606216ff513d227443a5fa5cc72b747ffa30756c6aced956f9fedcca236b4d788c982c886889947f35cef4943d948045f8f91aa7f1b176283,2017-04-03 13:45:00,660,1.8,10.5
746d6a7a44c2d97606216ff513d227443a5fa5cc72b747ffa30756c6aced956f9fedcca236b4d788c982c886889947f35cef4943d948045f8f91aa7f1b176283,2017-04-03 14:00:00,480,1.0,8.5
746d6a7a44c2d97606216ff513d227443a5fa5cc72b747ffa30756c6aced956f9fedcca236b4d788c982c886889947f35cef4943d948045f8f91aa7f1b176283,2017-04-03 14:15:00,180,0.3,4.25
746d6a7a44c2d97606216ff513d227443a5fa5cc72b747ffa30756c6aced956f9fedcca236b4d788c982c886889947f35cef4943d948045f8f91aa7f1b176283,2017-04-03 14:30:00,600,1.7,8.5
746d6a7a44c2d97606216ff513d227443a5fa5cc72b747ffa30756c6aced956f9fedcca236b4d788c982c886889947f35cef4943d948045f8f91aa7f1b176283,2017-04-03 15:00:00,780,4.5,20.1
746d6a7a44c2d97606216ff513d227443a5fa5cc72b747ffa30756c6aced956f9fedcca236b4d788c982c886889947f35cef4943d948045f8f91aa7f1b176283,2017-04-03 15:15:00,60,0.0,3.75
746d6a7a44c2d97606216ff513d227443a5fa5cc72b747ffa30756c6aced956f9fedcca236b4d788c982c886889947f35cef4943d948045f8f91aa7f1b176283,2017-04-03 15:30:00,780,2.5,15.6
746d6a7a44c2d97606216ff513d227443a5fa5cc72b747ffa30756c6aced956f9fedcca236b4d788c982c886889947f35cef4943d948045f8f91aa7f1b176283,2017-04-03 15:45:00,60,0.1,4.0
746d6a7a44c2d97606216ff513d227443a5fa5cc72b747ffa30756c6aced956f9fedcca236b4d788c982c886889947f35cef4943d948045f8f91aa7f1b176283,2017-04-03 16:15:00,600,1.9,15.0
746d6a7a44c2d97606216ff513d227443a5fa5cc72b747ffa30756c6aced956f9fedcca236b4d788c982c886889947f35cef4943d948045f8f91aa7f1b176283,2017-04-03 16:15:00,60,0.1,3.75
746d6a7a44c2d97606216ff513d227443a5fa5cc72b747ffa30756c6aced956f9fedcca236b4d788c982c886889947f35cef4943d948045f8f91aa7f1b176283,2017-04-03 16:30:00,720,2.0,11.0
746d6a7a44c2d97606216ff513d227443a5fa5cc72b747ffa30756c6aced956f9fedcca236b4d788c982c886889947f35cef4943d948045f8f91aa7f1b176283,2017-04-04 05:15:00,480,2.1,8.75
746d6a7a44c2d97606216ff513d227443a5fa5cc72b747ffa30756c6aced956f9fedcca236b4d788c982c886889947f35cef4943d948045f8f91aa7f1b176283,2017-04-04 05:15:00,300,0.8,5.75
746d6a7a44c2d97606216ff513d227443a5fa5cc72b747ffa30756c6aced956f9fedcca236b4d788c982c886889947f35cef4943d948045f8f91aa7f1b176283,2017-04-04 05:30:00,420,1.9,8.0
746d6a7a44c2d97606216ff513d227443a5fa5cc72b747ffa30756c6aced956f9fedcca236b4d788c982c886889947f35cef4943d948045f8f91aa7f1b176283,2017-04-04 08:15:00,180,0.1,4.5
746d6a7a44c2d97606216ff513d227443a5fa5cc72b747ffa30756c6aced956f9fedcca236b4d788c982c886889947f35cef4943d948045f8f91aa7f1b176283,2017-04-04 08:30:00,3240,18.2,70.5
746d6a7a44c2d97606216ff513d227443a5fa5cc72b747ffa30756c6aced956f9fedcca236b4d788c982c886889947f35cef4943d948045f8f91aa7f1b176283,2017-04-04 10:45:00,2460,17.4,60.3
746d6a7a44c2d97606216ff513d227443a5fa5cc72b747ffa30756c6aced956f9fedcca236b4d788c982c886889947f35cef4943d948045f8f91aa7f1b176283,2017-04-04 11:45:00,1560,20.7,49.75
746d6a7a44c2d97606216ff513d227443a5fa5cc72b747ffa30756c6aced956f9fedcca236b4d788c982c886889947f35cef4943d948045f8f91aa7f1b176283,2017-04-04 13:00:00,0,0.0,3.25
746d6a7a44c2d97606216ff513d227443a5fa5cc72b747ffa30756c6aced956f9fedcca236b4d788c982c886889947f35cef4943d948045f8f91aa7f1b176283,2017-04-04 13:15:00,480,2.5,9.0
746d6a7a44c2d97606216ff513d227443a5fa5cc72b747ffa30756c6aced956f9fedcca236b4d788c982c886889947f35cef4943d948045f8f91aa7f1b176283,2017-04-04 14:00:00,840,3.2,14.25
746d6a7a44c2d97606216ff513d227443a5fa5cc72b747ffa30756c6aced956f9fedcca236b4d788c982c886889947f35cef4943d948045f8f91aa7f1b176283,2017-04-04 14:15:00,0,0.1,3.75
746d6a7a44c2d97606216ff513d227443a5fa5cc72b747ffa30756c6aced956f9fedcca236b4d788c982c886889947f35cef4943d948045f8f91aa7f1b176283,2017-04-04 14:30:00,960,3.0,17.4
746d6a7a44c2d97606216ff513d227443a5fa5cc72b747ffa30756c6aced956f9fedcca236b4d788c982c886889947f35cef4943d948045f8f91aa7f1b176283,2017-04-04 14:45:00,120,0.1,4.5
746d6a7a44c2d97606216ff513d227443a5fa5cc72b747ffa30756c6aced956f9fedcca236b4d788c982c886889947f35cef4943d948045f8f91aa7f1b176283,2017-04-04 15:00:00,600,5.4,16.25
746d6a7a44c2d97606216ff513d227443a5fa5cc72b747ffa30756c6aced956f9fedcca236b4d788c982c886889947f35cef4943d948045f8f91aa7f1b176283,2017-04-04 15:15:00,120,0.1,3.75
746d6a7a44c2d97606216ff513d227443a5fa5cc72b747ffa30756c6aced956f9fedcca236b4d788c982c886889947f35cef4943d948045f8f91aa7f1b176283,2017-04-04 15:30:00,420,1.4,6.75
746d6a7a44c2d97606216ff513d227443a5fa5cc72b747ffa30756c6aced956f9fedcca236b4d788c982c886889947f35cef4943d948045f8f91aa7f1b176283,2017-04-04 15:45:00,1080,2.2,11.25
746d6a7a44c2d97606216ff513d227443a5fa5cc72b747ffa30756c6aced956f9fedcca236b4d788c982c886889947f35cef4943d948045f8f91aa7f1b176283,2017-04-04 16:00:00,600,1.4,8.0
746d6a7a44c2d97606216ff513d227443a5fa5cc72b747ffa30756c6aced956f9fedcca236b4d788c982c886889947f35cef4943d948045f8f91aa7f1b176283,2017-04-04 16:30:00,1020,5.9,18.25
746d6a7a44c2d97606216ff513d227443a5fa5cc72b747ffa30756c6aced956f9fedcca236b4d788c982c886889947f35cef4943d948045f8f91aa7f1b176283,2017-04-04 16:45:00,60,0.0,3.75
746d6a7a44c2d97606216ff513d227443a5fa5cc72b747ffa30756c6aced956f9fedcca236b4d788c982c886889947f35cef4943d948045f8f91aa7f1b176283,2017-04-05 04:30:00,960,9.7,25.5
746d6a7a44c2d97606216ff513d227443a5fa5cc72b747ffa30756c6aced956f9fedcca236b4d788c982c886889947f35cef4943d948045f8f91aa7f1b176283,2017-04-05 05:00:00,120,0.0,27.75
746d6a7a44c2d97606216ff513d227443a5fa5cc72b747ffa30756c6aced956f9fedcca236b4d788c982c886889947f35cef4943d948045f8f91aa7f1b176283,2017-04-05 05:30:00,720,2.8,11.0
746d6a7a44c2d97606216ff513d227443a5fa5cc72b747ffa30756c6aced956f9fedcca236b4d788c982c886889947f35cef4943d948045f8f91aa7f1b176283,2017-04-05 06:00:00,0,0.0,3.25
746d6a7a44c2d97606216ff513d227443a5fa5cc72b747ffa30756c6aced956f9fedcca236b4d788c982c886889947f35cef4943d948045f8f91aa7f1b176283,2017-04-05 06:15:00,2160,12.3,52.5
746d6a7a44c2d97606216ff513d227443a5fa5cc72b747ffa30756c6aced956f9fedcca236b4d788c982c886889947f35cef4943d948045f8f91aa7f1b176283,2017-04-05 08:15:00,3540,12.4,66.56
746d6a7a44c2d97606216ff513d227443a5fa5cc72b747ffa30756c6aced956f9fedcca236b4d788c982c886889947f35cef4943d948045f8f91aa7f1b176283,2017-04-05 09:15:00,1200,3.2,19.25
746d6a7a44c2d97606216ff513d227443a5fa5cc72b747ffa30756c6aced956f9fedcca236b4d788c982c886889947f35cef4943d948045f8f91aa7f1b176283,2017-04-05 09:30:00,60,0.0,3.25
746d6a7a44c2d97606216ff513d227443a5fa5cc72b747ffa30756c6aced956f9fedcca236b4d788c982c886889947f35cef4943d948045f8f91aa7f1b176283,2017-04-05 10:15:00,360,0.9,9.0
746d6a7a44c2d97606216ff513d227443a5fa5cc72b747ffa30756c6aced956f9fedcca236b4d788c982c886889947f35cef4943d948045f8f91aa7f1b176283,2017-04-05 10:30:00,420,0.9,7.25
746d6a7a44c2d97606216ff513d227443a5fa5cc72b747ffa30756c6aced956f9fedcca236b4d788c982c886889947f35cef4943d948045f8f91aa7f1b176283,2017-04-05 10:45:00,60,0.1,3.75
746d6a7a44c2d97606216ff513d227443a5fa5cc72b747ffa30756c6aced956f9fedcca236b4d788c982c886889947f35cef4943d948045f8f91aa7f1b176283,2017-04-05 11:00:00,420,1.1,8.25